"STATION","DATE","LATITUDE","LONGITUDE","ELEVATION","NAME","TEMP","TEMP_ATTRIBUTES","DEWP","DEWP_ATTRIBUTES","SLP","SLP_ATTRIBUTES","STP","STP_ATTRIBUTES","VISIB","VISIB_ATTRIBUTES","WDSP","WDSP_ATTRIBUTES","MXSPD","GUST","MAX","MAX_ATTRIBUTES","MIN","MIN_ATTRIBUTES","PRCP","PRCP_ATTRIBUTES","SNDP","FRSHTT"
"01003099999","2024-01-01","77.0","15.5","12.0","HORNSUND, NO","  25.3"," 8","  21.9"," 8","1003.5"," 8","002.1"," 8","  5.8"," 8"," 12.0"," 8"," 29.1"," 45.6","  27.9"," ","  19.6","*"," 0.05","G","999.9","001000"
"01003099999","2024-01-02","77.0","15.5","12.0","HORNSUND, NO","  21.2"," 8","  13.2"," 8","1007.8"," 8","006.3"," 8"," 24.9"," 7","  8.0"," 7"," 11.7"," 29.1","  29.1"," ","  14.9","*"," 0.00","H"," 12.6","001000"
"01003099999","2024-01-03","77.0","15.5","12.0","HORNSUND, NO","  13.7"," 8","   5.9"," 8","1006.6"," 8","005.2"," 8"," 18.4"," 7","  9.1"," 8"," 18.3"," 28.6","  17.8"," ","  11.1"," "," 0.00","G"," 12.2","001000"
"01003099999","2024-01-04","77.0","15.5","12.0","HORNSUND, NO","   5.4"," 8","  -3.7"," 8","1004.0"," 8","002.5"," 8"," 16.9"," 8","  4.8"," 8"," 11.7"," 13.2","  13.1"," ","  -1.1","*"," 0.00","G"," 12.2","001000"
"01003099999","2024-01-05","77.0","15.5","12.0","HORNSUND, NO","   1.0"," 8","  -9.2"," 8","1008.0"," 8","006.5"," 8"," 22.9"," 8","  5.9"," 8","  9.7"," 14.0","   8.8"," ","  -6.5"," "," 0.00","G"," 11.8","001000"
"01003099999","2024-01-06","77.0","15.5","12.0","HORNSUND, NO","   4.0"," 8","  -3.9"," 8","1013.0"," 8","011.5"," 8"," 22.1"," 8","  7.5"," 8"," 11.7","999.9","   9.3"," ","   0.1"," "," 0.00","G"," 11.8","000000"
"01003099999","2024-01-07","77.0","15.5","12.0","HORNSUND, NO","   3.8"," 8","  -1.5"," 8","1015.8"," 8","014.3"," 8"," 15.5"," 8"," 11.9"," 8"," 15.5"," 19.2","   9.7"," ","  -2.0"," ","99.99"," ","999.9","001000"
"01003099999","2024-01-08","77.0","15.5","12.0","HORNSUND, NO","  14.0"," 8","   7.6"," 8","1012.7"," 8","011.2"," 8","  6.7"," 8"," 20.8"," 8"," 24.7"," 35.2","  15.6"," ","   5.4"," "," 0.00","G"," 11.8","001000"
"01003099999","2024-01-09","77.0","15.5","12.0","HORNSUND, NO","  14.1","24","   8.4","24","1014.5","24","013.1","24","  5.4"," 8"," 20.1","22"," 27.0"," 42.3","  16.7"," ","   9.5"," "," 0.00","G","999.9","001000"
"01003099999","2024-01-10","77.0","15.5","12.0","HORNSUND, NO","   7.9"," 8","   0.6"," 8","1020.9"," 8","019.4"," 8"," 11.0"," 8"," 22.1"," 8"," 33.0"," 38.5","  12.4"," ","   5.9"," "," 0.03","G"," 11.0","001000"
"01003099999","2024-01-11","77.0","15.5","12.0","HORNSUND, NO","  11.6"," 7","   5.9"," 7","1020.6"," 7","019.1"," 7","  8.5"," 7"," 18.8"," 7"," 26.8"," 51.3","  17.6"," ","   6.6"," "," 0.02","G"," 11.0","001000"
"01003099999","2024-01-12","77.0","15.5","12.0","HORNSUND, NO","   6.9"," 7","   0.2"," 7","1017.7"," 7","016.2"," 7"," 24.0"," 7","  5.5"," 7","  7.8"," 14.2","  11.7"," ","   2.3"," "," 0.00","G"," 11.0","000000"
"01003099999","2024-01-13","77.0","15.5","12.0","HORNSUND, NO","   4.5"," 8","  -4.3"," 8","1011.6"," 8","010.1"," 8"," 17.0"," 7"," 10.6"," 8"," 15.5"," 24.9","   8.8"," ","   1.8"," "," 0.00","G"," 11.0","001000"
"01003099999","2024-01-14","77.0","15.5","12.0","HORNSUND, NO","  -2.4"," 7"," -13.2"," 7","1012.4"," 7","010.9"," 7"," 22.8"," 6"," 12.8"," 7"," 19.4"," 24.9","   1.4"," ","  -5.3"," "," 0.00","G"," 11.0","000000"
"01003099999","2024-01-15","77.0","15.5","12.0","HORNSUND, NO","  -2.4"," 8"," -11.6"," 8","1012.0"," 8","010.5"," 8","  9.9"," 7"," 25.2"," 8"," 33.0"," 39.6","   1.0"," ","  -5.6"," "," 0.00","G"," 11.0","001000"
"01003099999","2024-01-16","77.0","15.5","12.0","HORNSUND, NO","  -5.4"," 8"," -15.9"," 8","1020.1"," 8","018.6"," 8"," 11.0"," 8"," 21.2"," 8"," 25.3"," 39.2","   0.7"," "," -11.6"," "," 0.00","G"," 11.0","000000"
"01003099999","2024-01-17","77.0","15.5","12.0","HORNSUND, NO","   7.3"," 8","   0.6"," 8","1019.4"," 8","017.9"," 8","  4.3"," 8"," 23.3"," 8"," 31.1","999.9","  19.0"," "," -11.7"," "," 0.00","G"," 10.6","001000"
"01003099999","2024-01-18","77.0","15.5","12.0","HORNSUND, NO","   4.1"," 8","  -5.9"," 8","1014.8"," 8","013.3"," 8","  6.1"," 8"," 18.8"," 8"," 35.7"," 49.9","  14.9"," ","  -0.6"," "," 0.00","G"," 10.6","001000"
"01003099999","2024-01-19","77.0","15.5","12.0","HORNSUND, NO","   1.7"," 9","  -6.9"," 9","1003.5"," 9","002.0"," 9"," 19.9"," 8"," 19.8"," 9"," 26.0"," 44.7","   9.0"," ","  -4.0"," "," 0.00","G","999.9","000000"
"01003099999","2024-01-20","77.0","15.5","12.0","HORNSUND, NO","   0.0"," 8","  -5.4"," 8"," 998.6"," 8","997.1"," 8"," 29.9"," 8","  7.4"," 8","  9.7"," 14.8","   3.4"," ","  -4.7"," "," 0.00","G"," 10.2","001000"
"01003099999","2024-01-21","77.0","15.5","12.0","HORNSUND, NO","  10.2"," 8","   5.5"," 8","1000.8"," 8","999.4"," 8"," 23.6"," 8"," 10.0"," 8"," 13.6"," 17.5","  18.0"," ","  -1.5"," "," 0.00","G"," 10.2","001000"
"01003099999","2024-01-22","77.0","15.5","12.0","HORNSUND, NO","  20.1","13","  15.2","13"," 990.4","13","989.0","13","  3.1"," 8"," 31.2","13"," 40.8"," 59.2","  26.2"," ","  16.7"," ","99.99"," ","999.9","001000"
"01003099999","2024-01-23","77.0","15.5","12.0","HORNSUND, NO","  29.3"," 8","  25.6"," 8"," 982.4"," 8","981.0"," 8","  3.0"," 8"," 22.4"," 8"," 28.9"," 46.6","  31.6"," ","  26.6"," "," 0.13","G"," 12.2","001000"
"01003099999","2024-01-24","77.0","15.5","12.0","HORNSUND, NO","  26.8"," 8","  23.0"," 8"," 985.8"," 8","984.4"," 8"," 12.7"," 8","  8.6"," 8"," 17.5"," 25.4","  30.7"," ","  18.1"," "," 0.07","G"," 12.2","001000"
"01003099999","2024-01-25","77.0","15.5","12.0","HORNSUND, NO","  31.0"," 8","  28.4"," 8"," 999.0"," 8","997.6"," 8","  9.8"," 8","  5.3"," 8","  9.7"," 13.8","  35.6","*","  25.7"," "," 0.12","G"," 13.4","011000"
"01003099999","2024-01-26","77.0","15.5","12.0","HORNSUND, NO","  34.9"," 8","  31.7"," 8","1002.7"," 8","001.3"," 8"," 10.3"," 8"," 13.1"," 8"," 17.5"," 22.3","  37.0"," ","  31.1","*"," 0.35","G","999.9","010000"
"01003099999","2024-01-27","77.0","15.5","12.0","HORNSUND, NO","  28.9"," 8","  22.3"," 8"," 989.9"," 8","988.5"," 8","  9.3"," 8"," 21.3"," 8"," 29.1"," 47.4","  33.4"," ","  23.9"," "," 0.02","G"," 11.0","001000"
"01003099999","2024-01-28","77.0","15.5","12.0","HORNSUND, NO","  26.6"," 9","  21.4"," 9"," 977.9"," 9","976.5"," 9","  9.9"," 8"," 15.0"," 9"," 31.1","999.9","  29.7"," ","  22.8"," "," 0.03","G"," 10.2","001000"
"01003099999","2024-01-29","77.0","15.5","12.0","HORNSUND, NO","  27.6","10","  22.7","10"," 960.8","10","959.5","10","  4.9"," 8"," 22.1","10"," 40.8"," 44.9","  30.7"," ","  22.8"," "," 0.00","G"," 10.6","001000"
"01003099999","2024-01-30","77.0","15.5","12.0","HORNSUND, NO","  25.9"," 8","  22.2"," 8"," 967.1"," 8","965.7"," 8","  4.7"," 8"," 16.4"," 8"," 23.3"," 23.9","  30.9"," ","  23.2"," "," 0.07","G"," 11.0","001000"
"01003099999","2024-01-31","77.0","15.5","12.0","HORNSUND, NO","  19.4","23","  14.2","23"," 966.4","23","965.0","23","  6.6"," 7"," 15.7","20"," 21.6"," 37.3","  23.0"," ","  16.2"," "," 0.00","G","999.9","001000"
"01003099999","2024-02-01","77.0","15.5","12.0","HORNSUND, NO","  16.5"," 8","  10.5"," 8"," 967.5"," 8","966.1"," 8","  9.9"," 8","  7.6"," 8"," 11.7"," 17.9","  22.1"," ","  10.0"," "," 0.01","G"," 12.6","001000"
"01003099999","2024-02-02","77.0","15.5","12.0","HORNSUND, NO","  17.0"," 8","   8.6"," 8"," 970.4"," 8","969.0"," 8"," 20.0"," 8","  6.1"," 8","  9.7","999.9","  20.3"," ","  10.9","*"," 0.08","G"," 13.8","000000"
"01003099999","2024-02-03","77.0","15.5","12.0","HORNSUND, NO","  17.5"," 8","  12.0"," 8"," 974.9"," 8","973.5"," 8"," 19.8"," 8"," 10.2"," 8"," 17.5"," 25.1","  21.0"," ","  10.8"," "," 0.00","G"," 13.8","000000"
"01003099999","2024-02-04","77.0","15.5","12.0","HORNSUND, NO","  25.9"," 7","  21.1"," 7"," 987.9"," 7","986.5"," 7","  8.4"," 7"," 17.7"," 7"," 25.3"," 38.3","  31.5"," ","  15.8"," "," 0.00","G"," 11.8","001000"
"01003099999","2024-02-05","77.0","15.5","12.0","HORNSUND, NO","  29.0"," 7","  23.7"," 7","1007.7"," 7","006.3"," 7","  4.1"," 7"," 18.4"," 7"," 23.3"," 37.7","  31.1"," ","  26.6"," "," 0.01","A","999.9","001000"
"01003099999","2024-02-06","77.0","15.5","12.0","HORNSUND, NO","  18.8","10","   7.8","10","1012.3","10","010.9","10","  9.9"," 8"," 12.6","10"," 21.4"," 27.8","  28.6"," ","  13.5"," "," 0.00","G"," 11.0","001000"
"01003099999","2024-02-07","77.0","15.5","12.0","HORNSUND, NO","  19.9","22","  11.0","22","1010.6","22","009.2","22","  5.5"," 6"," 21.7","22"," 30.1"," 58.3","  23.2"," ","  15.4"," "," 0.00","G","999.9","001000"
"01003099999","2024-02-08","77.0","15.5","12.0","HORNSUND, NO","  20.0","22","  12.0","22","1009.0","22","007.6","22","  7.5"," 8"," 15.6","22"," 20.2"," 32.6","  23.2"," ","  16.7"," ","99.99"," ","999.9","001000"
"01003099999","2024-02-09","77.0","15.5","12.0","HORNSUND, NO","  21.9","24","  15.4","24","1008.2","24","006.8","24","  8.2"," 8"," 15.1","24"," 21.6"," 36.5","  27.3"," ","  16.2"," ","99.99"," ","999.9","001000"
"01003099999","2024-02-10","77.0","15.5","12.0","HORNSUND, NO","  25.5"," 7","  21.8"," 7","1005.2"," 7","003.8"," 7","  2.8"," 7"," 15.7"," 7"," 21.4"," 36.3","  26.6"," ","  24.1"," "," 0.11","G"," 14.2","001000"
"01003099999","2024-02-11","77.0","15.5","12.0","HORNSUND, NO","  22.0"," 8","  16.9"," 8","1008.4"," 8","007.0"," 8"," 15.8"," 8","  5.6"," 8"," 11.7","999.9","  26.4"," ","  17.1"," "," 0.06","G"," 15.7","000000"
"01003099999","2024-02-12","77.0","15.5","12.0","HORNSUND, NO","   9.4"," 8","   2.7"," 8","1018.2"," 8","016.8"," 8"," 26.6"," 7","  5.9"," 8","  9.3"," 14.8","  18.1","*","   4.5"," "," 0.00","I","999.9","100000"
"01003099999","2024-02-13","77.0","15.5","12.0","HORNSUND, NO","  16.6"," 8","  10.6"," 8","1016.6"," 8","015.2"," 8"," 14.9"," 8"," 19.8"," 8"," 29.1"," 34.6","  26.8","*","   5.0"," "," 0.00","G"," 14.2","100000"
"01003099999","2024-02-14","77.0","15.5","12.0","HORNSUND, NO","  30.9","18","  27.8","18","1002.3","18","000.9","18","  5.1"," 7"," 14.1","16"," 21.4"," 27.8","  34.5"," ","  27.5"," ","99.99"," ","999.9","011000"
"01003099999","2024-02-15","77.0","15.5","12.0","HORNSUND, NO","  31.9"," 9","  30.4"," 9"," 995.2"," 9","993.8"," 9","  7.9"," 7"," 11.3"," 9"," 17.5"," 22.7","  34.3"," ","  27.9"," "," 0.12","G"," 11.0","011000"
"01003099999","2024-02-16","77.0","15.5","12.0","HORNSUND, NO","  20.9"," 9","  15.3"," 9"," 992.0"," 9","990.6"," 9","  7.0"," 8"," 20.6"," 9"," 26.0"," 39.8","  25.7"," ","  17.4"," "," 0.04","G"," 13.0","001000"
"01003099999","2024-02-17","77.0","15.5","12.0","HORNSUND, NO","  16.3"," 8","  11.1"," 8"," 997.3"," 8","995.9"," 8","  2.9"," 8"," 19.8"," 8"," 32.4"," 51.5","  24.1"," ","  12.4"," "," 0.04","G"," 13.4","001000"
"01003099999","2024-02-18","77.0","15.5","12.0","HORNSUND, NO","  12.9"," 8","   4.4"," 8","1005.6"," 8","004.2"," 8"," 18.6"," 8"," 10.9"," 8"," 15.5","999.9","  14.5"," ","  11.7"," "," 0.02","G"," 12.6","001000"
"01003099999","2024-02-19","77.0","15.5","12.0","HORNSUND, NO","   9.8"," 8","   1.4"," 8","1001.7"," 8","000.2"," 8"," 25.3"," 8","  8.2"," 8"," 13.6"," 28.7","  13.6","*","   2.3","*"," 0.00","G"," 12.2","001000"
"01003099999","2024-02-20","77.0","15.5","12.0","HORNSUND, NO","  12.0","23","   4.6","23","1007.5","23","006.1","23"," 28.4"," 7","  7.4","23"," 15.0"," 22.0","  18.0"," ","   5.4"," ","99.99"," ","999.9","001000"
"01003099999","2024-02-21","77.0","15.5","12.0","HORNSUND, NO","  16.3"," 8","   9.3"," 8","1006.3"," 8","005.0"," 8"," 20.9"," 8"," 13.5"," 8"," 15.5"," 21.2","  18.0"," ","  15.3"," "," 0.00","G"," 12.2","001000"
"01003099999","2024-02-22","77.0","15.5","12.0","HORNSUND, NO","  19.4"," 8","  13.4"," 8"," 998.3"," 8","996.9"," 8"," 13.3"," 8"," 16.5"," 8"," 23.3"," 32.4","  23.0"," ","  16.7"," ","99.99"," ","999.9","001000"
"01003099999","2024-02-23","77.0","15.5","12.0","HORNSUND, NO","  26.4","23","  20.8","23"," 993.2","23","991.8","23","  9.4"," 8"," 19.6","23"," 24.7"," 41.4","  28.8"," ","  22.6"," ","99.99"," ","999.9","001000"
"01003099999","2024-02-24","77.0","15.5","12.0","HORNSUND, NO","  27.1"," 9","  23.6"," 9"," 987.4"," 9","986.0"," 9"," 15.5"," 8","  7.2"," 9"," 15.5"," 22.9","  28.9"," ","  25.2"," "," 0.00","I","999.9","000000"
"01003099999","2024-02-25","77.0","15.5","12.0","HORNSUND, NO","  17.1"," 9","   9.3"," 9"," 989.2"," 9","987.8"," 9"," 31.1"," 8","  5.3"," 9","  9.7"," 10.1","  26.2"," ","  11.3","*"," 0.00","I","999.9","000000"
"01003099999","2024-02-26","77.0","15.5","12.0","HORNSUND, NO","  16.8"," 8","  12.9"," 8"," 992.8"," 8","991.4"," 8"," 18.9"," 8","  7.0"," 8"," 10.3"," 12.0","  19.8"," ","   9.7"," "," 0.00","G"," 11.8","001000"
"01003099999","2024-02-27","77.0","15.5","12.0","HORNSUND, NO","  24.3"," 6","  20.4"," 6"," 989.5"," 6","988.1"," 6","  8.0"," 6"," 15.9"," 6"," 20.0"," 29.1","  28.4","*","  18.1"," ","99.99"," ","999.9","001000"
"01003099999","2024-02-28","77.0","15.5","12.0","HORNSUND, NO","  30.9"," 5","  29.4"," 5"," 983.8"," 5","982.4"," 5","  1.5"," 5"," 15.3"," 4"," 20.0"," 28.0","  33.1"," ","  28.6","*"," 0.85","G","  0.8","001000"
"01003099999","2024-02-29","77.0","15.5","12.0","HORNSUND, NO","  25.6"," 8","  22.8"," 8"," 986.5"," 8","985.2"," 8"," 16.2"," 8","  7.7"," 8"," 11.7"," 28.2","  35.4"," ","  16.5","*"," 0.60","G","999.9","001000"
"01003099999","2024-03-01","77.0","15.5","12.0","HORNSUND, NO","  23.2"," 8","  14.8"," 8"," 998.3"," 8","996.9"," 8"," 25.3"," 7"," 15.0"," 8"," 23.3"," 33.6","  27.1"," ","  16.3"," "," 0.06","G"," 18.9","000000"
"01003099999","2024-03-02","77.0","15.5","12.0","HORNSUND, NO","  19.9"," 6","  14.4"," 6","1012.8"," 6","011.4"," 6"," 17.1"," 6"," 16.2"," 6"," 23.7"," 33.4","  23.9"," ","  18.5","*"," 0.00","I","999.9","000000"
"01003099999","2024-03-03","77.0","15.5","12.0","HORNSUND, NO","  29.7"," 7","  27.1"," 7","1020.2"," 7","018.8"," 7"," 12.6"," 7","  9.5"," 7"," 13.6","999.9","  33.6"," ","  21.9"," "," 0.04","G","999.9","001000"
"01003099999","2024-03-04","77.0","15.5","12.0","HORNSUND, NO","  30.0"," 7","  26.7"," 7","1024.0"," 7","022.6"," 7"," 17.3"," 7"," 12.5"," 7"," 21.4","999.9","  32.4"," ","  26.8","*"," 0.03","G"," 18.9","000000"
"01003099999","2024-03-05","77.0","15.5","12.0","HORNSUND, NO","  27.3"," 6","  25.3"," 6","1024.1"," 6","022.7"," 6"," 13.9"," 5","  2.5"," 6","  5.8","999.9","  34.7"," ","  20.8"," ","99.99"," ","999.9","011000"
"01003099999","2024-03-06","77.0","15.5","12.0","HORNSUND, NO","  31.2"," 8","  27.6"," 8","1020.0"," 8","018.6"," 8","  7.6"," 8"," 11.8"," 8"," 19.4","999.9","  35.4"," ","  23.2"," "," 0.04","G","999.9","110000"
"01003099999","2024-03-07","77.0","15.5","12.0","HORNSUND, NO","  19.3"," 7","  16.5"," 7","1026.2"," 7","024.7"," 7"," 17.3"," 7","  4.7"," 6","  7.8","999.9","  24.4"," ","  15.1","*"," 0.02","G"," 17.7","101000"
"01003099999","2024-03-08","77.0","15.5","12.0","HORNSUND, NO","  31.8"," 8","  30.7"," 8","1023.4"," 8","022.0"," 8","  7.3"," 8","  6.8"," 8","  9.7"," 13.2","  35.6"," ","  21.9"," "," 0.08","G"," 18.5","111000"
"01003099999","2024-03-09","77.0","15.5","12.0","HORNSUND, NO","  31.4"," 8","  28.2"," 8","1016.2"," 8","014.8"," 8"," 13.8"," 8","  9.4"," 8"," 19.0"," 26.0","  34.5"," ","  27.1"," "," 0.01","G"," 18.1","010000"
"01003099999","2024-03-10","77.0","15.5","12.0","HORNSUND, NO","  20.3"," 8","  16.2"," 8","1014.8"," 8","013.4"," 8"," 27.0"," 8","  5.6"," 8","  9.7","999.9","  30.7"," ","  12.7"," "," 0.04","G"," 18.1","000000"
"01003099999","2024-03-11","77.0","15.5","12.0","HORNSUND, NO","  14.7"," 8","  11.3"," 8","1011.9"," 8","010.5"," 8","  5.5"," 8"," 14.9"," 8"," 25.3","999.9","  18.0"," ","   9.1"," "," 0.00","G"," 18.1","001000"
"01003099999","2024-03-12","77.0","15.5","12.0","HORNSUND, NO","   3.4"," 8","  -3.1"," 8","1019.8"," 8","018.3"," 8"," 18.4"," 8","  7.8"," 8"," 19.4","999.9","  17.4"," ","  -6.5"," "," 0.04","G"," 18.9","001000"
"01003099999","2024-03-13","77.0","15.5","12.0","HORNSUND, NO","  16.0"," 8","  10.8"," 8","1009.4"," 8","008.0"," 8"," 14.4"," 8","  9.7"," 8"," 17.5","999.9","  20.5"," ","   9.7"," "," 0.00","G"," 19.3","001000"
"01003099999","2024-03-14","77.0","15.5","12.0","HORNSUND, NO","   0.5"," 8","  -9.6"," 8","1001.9"," 8","000.4"," 8"," 11.4"," 8"," 15.2"," 8"," 25.3","999.9","  14.0"," ","  -8.1"," "," 0.01","G"," 18.5","000000"
"01003099999","2024-03-15","77.0","15.5","12.0","HORNSUND, NO"," -10.5"," 8"," -20.5"," 8","1002.0"," 8","000.5"," 8"," 29.1"," 8","  8.2"," 8"," 11.7","999.9","  -6.2"," "," -14.3"," "," 0.00","I","999.9","000000"
"01003099999","2024-03-16","77.0","15.5","12.0","HORNSUND, NO","  -8.1"," 8"," -17.0"," 8","1005.8"," 8","004.3"," 8"," 28.7"," 8","  6.4"," 8","  9.7"," 11.1","  -3.1"," "," -14.1"," ","99.99"," ","999.9","001000"
"01003099999","2024-03-17","77.0","15.5","12.0","HORNSUND, NO","  -1.2"," 7"," -13.8"," 7","1012.3"," 7","010.8"," 7"," 31.1"," 7","  3.5"," 7","  5.8"," 10.7","   3.2"," ","  -7.2"," "," 0.00","I","999.9","000000"
"01003099999","2024-03-18","77.0","15.5","12.0","HORNSUND, NO","  -6.1"," 6"," -13.4"," 6","1017.3"," 6","015.8"," 6"," 26.9"," 6","  6.5"," 6","  7.8"," 11.3","  -1.3"," "," -11.7"," "," 0.00","G"," 18.5","001000"
"01003099999","2024-03-19","77.0","15.5","12.0","HORNSUND, NO","  -3.2"," 8","  -7.4"," 8","1023.1"," 8","021.6"," 8"," 26.0"," 8","  9.4"," 8"," 11.7"," 15.0","  -0.9"," ","  -7.4"," "," 0.00","G"," 18.5","001000"
"01003099999","2024-03-20","77.0","15.5","12.0","HORNSUND, NO","  -0.0","24","  -7.6","24","1020.9","24","019.4","24"," 31.1"," 8"," 13.8","24"," 22.5"," 31.7","   5.0"," ","  -8.1"," "," 0.00","I","999.9","100000"
"01003099999","2024-03-21","77.0","15.5","12.0","HORNSUND, NO","   2.9"," 8","  -6.4"," 8","1021.7"," 8","020.2"," 8"," 29.9"," 8"," 14.7"," 8"," 17.5"," 23.9","   5.0"," ","  -0.0"," "," 0.00","I","999.9","000000"
"01003099999","2024-03-22","77.0","15.5","12.0","HORNSUND, NO","   3.6"," 9","  -4.6"," 9","1019.3"," 9","017.8"," 9"," 28.7"," 8"," 18.8"," 9"," 23.3"," 28.7","   5.5"," ","   1.2"," "," 0.00","G"," 18.5","100000"
"01003099999","2024-03-23","77.0","15.5","12.0","HORNSUND, NO","   3.1"," 8","  -4.7"," 8","1019.0"," 8","017.5"," 8"," 31.1"," 8"," 13.4"," 8"," 21.4","999.9","   6.6"," ","  -0.0"," "," 0.00","G"," 18.1","000000"
"01003099999","2024-03-24","77.0","15.5","12.0","HORNSUND, NO","   4.6"," 7","  -2.3"," 7","1015.6"," 7","014.1"," 7"," 28.4"," 7"," 11.5"," 7"," 17.5"," 20.2","   8.6"," ","  -0.6"," "," 0.00","G"," 18.1","000000"
"01003099999","2024-03-25","77.0","15.5","12.0","HORNSUND, NO","   8.4"," 9","  -1.8"," 9","1018.0"," 9","016.5"," 9"," 29.1"," 8"," 10.3"," 9"," 13.6"," 19.2","  11.5"," ","   3.7"," "," 0.00","I","999.9","000000"
"01003099999","2024-03-26","77.0","15.5","12.0","HORNSUND, NO","   7.6"," 7","  -1.1"," 7","1016.7"," 7","015.2"," 7"," 28.4"," 7","  8.0"," 7"," 11.7","999.9","  10.4"," ","   3.2"," "," 0.00","G"," 18.1","000000"
"01003099999","2024-03-27","77.0","15.5","12.0","HORNSUND, NO","  16.1"," 4","  11.4"," 4","1011.5"," 4","010.1"," 4"," 20.0"," 4","  4.1"," 4","  7.8","999.9","  17.6"," ","   9.7"," "," 0.00","G"," 18.1","000000"
"01003099999","2024-04-01","77.0","15.5","12.0","HORNSUND, NO","   4.5"," 6","  -3.6"," 6","1024.0"," 6","022.5"," 6","999.9"," 0","  5.4"," 6","  6.0","999.9","   6.8"," ","   1.6"," "," 0.00","I","999.9","000000"
"01003099999","2024-04-02","77.0","15.5","12.0","HORNSUND, NO","   5.1"," 4","  -2.8"," 4","1022.6"," 4","021.1"," 4","999.9"," 0","  9.9"," 4"," 18.6"," 25.6","   8.6"," ","   1.8"," "," 0.00","I","999.9","000000"
"01003099999","2024-04-03","77.0","15.5","12.0","HORNSUND, NO","   6.1"," 9","   2.0"," 9","1022.7"," 9","021.2"," 9"," 12.5"," 7","  4.8"," 9","  9.7","999.9","  13.3"," ","   2.3"," "," 0.00","G"," 18.1","001000"
"01003099999","2024-04-04","77.0","15.5","12.0","HORNSUND, NO","  19.7"," 8","  17.4"," 8","1013.3"," 8","011.9"," 8"," 18.7"," 8","  4.8"," 8"," 11.7","999.9","  26.2"," ","  11.3"," "," 0.04","G"," 20.5","001000"
"01003099999","2024-04-05","77.0","15.5","12.0","HORNSUND, NO","  10.7"," 8","   6.5"," 8","1008.4"," 8","006.9"," 8"," 11.0"," 8"," 14.8"," 8"," 17.7"," 22.5","  26.1"," ","   1.9"," "," 0.16","G"," 24.0","001000"
"01003099999","2024-04-06","77.0","15.5","12.0","HORNSUND, NO","  -0.3"," 9","  -7.3"," 9","1011.2"," 9","009.7"," 9"," 23.1"," 8","  5.1"," 9"," 13.6","999.9","   7.3"," ","  -3.3"," "," 0.00","G"," 20.5","001000"
"01003099999","2024-04-07","77.0","15.5","12.0","HORNSUND, NO","   0.1"," 7","  -6.3"," 7","1012.6"," 7","011.1"," 7"," 30.2"," 7","  5.7"," 7","  9.7","999.9","   6.4"," ","  -6.5"," "," 0.00","G"," 20.1","000000"
"01003099999","2024-04-08","77.0","15.5","12.0","HORNSUND, NO","   4.8","24","  -0.6","24","1013.3","24","011.8","24"," 15.0"," 8"," 17.3","24"," 23.9"," 30.3","   7.9"," ","  -4.9"," "," 0.00","I","999.9","000000"
"01003099999","2024-04-09","77.0","15.5","12.0","HORNSUND, NO","  14.3"," 7","  10.8"," 7","1013.4"," 7","012.0"," 7"," 13.8"," 7","  9.1"," 7"," 15.5"," 21.0","  18.1"," ","   2.3"," "," 0.00","G"," 18.5","001000"
"01003099999","2024-04-10","77.0","15.5","12.0","HORNSUND, NO","  15.6"," 9","  11.0"," 9","1011.8"," 9","010.4"," 9"," 16.1"," 7"," 18.8"," 9"," 23.3"," 34.2","  18.9"," ","  12.2"," "," 0.22","G"," 20.9","001000"
"01003099999","2024-04-11","77.0","15.5","12.0","HORNSUND, NO","  11.5"," 5","   5.0"," 5","1007.3"," 5","005.9"," 5"," 11.2"," 4"," 18.4"," 5"," 23.3"," 34.8","  16.5"," ","   9.0"," "," 0.00","G"," 18.5","000000"
"01003099999","2024-04-12","77.0","15.5","12.0","HORNSUND, NO","  10.4"," 7","   3.3"," 7","1009.6"," 7","008.2"," 7"," 27.7"," 7"," 17.7"," 7"," 23.7"," 48.8","  16.0"," ","   5.4"," "," 0.00","G"," 18.1","000000"
"01003099999","2024-04-13","77.0","15.5","12.0","HORNSUND, NO","  17.6"," 7","  12.4"," 7","1005.3"," 7","003.9"," 7","  3.1"," 7"," 28.5"," 7"," 31.7"," 50.9","  20.3"," ","  14.0"," "," 0.00","G","999.9","001000"
"01003099999","2024-04-14","77.0","15.5","12.0","HORNSUND, NO","  12.2"," 9","   4.3"," 9","1009.4"," 9","007.9"," 9","  9.1"," 8"," 28.9"," 9"," 32.2"," 52.3","  17.6"," ","   7.5"," "," 0.01","G","999.9","000000"
"01003099999","2024-04-15","77.0","15.5","12.0","HORNSUND, NO","   5.8","24","  -3.7","24","1017.6","24","016.1","24"," 29.1"," 8"," 17.0","24"," 25.3"," 37.1","   8.8"," ","   1.2"," "," 0.00","I","999.9","000000"
"01003099999","2024-04-16","77.0","15.5","12.0","HORNSUND, NO","  10.7","24","   4.4","24","1018.8","24","017.3","24"," 29.5"," 8"," 13.9","24"," 18.5"," 26.2","  15.1"," ","   1.0"," "," 0.00","I","999.9","000000"
"01003099999","2024-04-17","77.0","15.5","12.0","HORNSUND, NO","  17.4","19","  10.8","19","1020.7","19","019.2","19"," 10.6"," 8"," 17.5","19"," 23.9"," 34.2","  21.0"," ","  12.2"," ","99.99"," ","999.9","001000"
"01003099999","2024-04-18","77.0","15.5","12.0","HORNSUND, NO","  24.2"," 9","  20.7"," 9","1013.3"," 9","011.9"," 9","  4.7"," 8"," 19.1"," 9"," 27.0"," 36.7","  30.9"," ","  18.1"," "," 0.00","G"," 18.1","001000"
"01003099999","2024-04-19","77.0","15.5","12.0","HORNSUND, NO","  29.1"," 7","  21.7"," 7","1017.2"," 7","015.8"," 7"," 12.4"," 7"," 16.6"," 7"," 19.4"," 28.7","  30.9"," ","  28.0","*"," 0.15","G"," 18.9","001000"
"01003099999","2024-04-20","77.0","15.5","12.0","HORNSUND, NO","  29.4"," 8","  25.6"," 8","1022.8"," 8","021.4"," 8","  7.8"," 8"," 10.8"," 8"," 16.7"," 27.4","  31.8"," ","  27.1"," "," 0.00","G"," 18.5","001000"
"01003099999","2024-04-21","77.0","15.5","12.0","HORNSUND, NO","  30.9"," 9","  25.0"," 9","1027.3"," 9","025.9"," 9"," 14.7"," 8","  9.3"," 9"," 19.4"," 24.5","  35.6"," ","  21.4"," "," 0.02","G"," 18.9","001000"
"01003099999","2024-04-22","77.0","15.5","12.0","HORNSUND, NO","  34.6"," 7","  28.7"," 7","1022.6"," 7","021.2"," 7"," 11.2"," 7"," 12.4"," 7"," 19.4"," 25.6","  36.7"," ","  31.1"," "," 0.00","G","999.9","000000"
"01003099999","2024-04-23","77.0","15.5","12.0","HORNSUND, NO","  30.5"," 7","  25.5"," 7","1022.1"," 7","020.7"," 7","  8.3"," 7"," 12.5"," 7"," 18.5"," 26.2","  34.0"," ","  28.6"," "," 0.00","G"," 16.9","001000"
"01003099999","2024-04-24","77.0","15.5","12.0","HORNSUND, NO","  29.4","23","  24.6","23","1022.8","23","021.4","23"," 18.5"," 8"," 10.9","23"," 14.6"," 22.3","  32.0"," ","  26.2"," "," 0.02","G","999.9","001000"
"01003099999","2024-04-25","77.0","15.5","12.0","HORNSUND, NO","  29.9","20","  21.3","20","1024.1","20","022.7","20"," 25.0"," 8"," 17.9","20"," 24.9"," 42.5","  32.2"," ","  25.7"," "," 0.00","I","999.9","000000"
"01003099999","2024-04-26","77.0","15.5","12.0","HORNSUND, NO","  24.6"," 9","  19.1"," 9","1027.7"," 9","026.3"," 9"," 26.4"," 8"," 10.1"," 9"," 19.4","999.9","  30.2"," ","  19.4","*"," 0.00","G"," 16.9","000000"
"01003099999","2024-04-27","77.0","15.5","12.0","HORNSUND, NO","  26.8"," 9","  23.4"," 9","1029.1"," 9","027.7"," 9"," 26.4"," 8","  4.1"," 9","  7.8","999.9","  31.8"," ","  19.8"," "," 0.00","G"," 16.9","000000"
"01003099999","2024-04-28","77.0","15.5","12.0","HORNSUND, NO","  30.7","11","  28.8","11","1027.3","11","025.9","11"," 19.6"," 8","  8.2","11"," 11.1"," 13.2","  33.1"," ","  29.5"," "," 0.00","G"," 16.9","001000"
"01003099999","2024-04-29","77.0","15.5","12.0","HORNSUND, NO","  32.0"," 8","  28.2"," 8","1025.2"," 8","023.8"," 8"," 18.6"," 8","  7.6"," 8"," 10.3"," 12.6","  35.6"," ","  30.7"," "," 0.00","G"," 16.9","011000"
"01003099999","2024-04-30","77.0","15.5","12.0","HORNSUND, NO","  32.5"," 8","  26.8"," 8","1024.1"," 8","022.7"," 8"," 29.9"," 8","  7.0"," 8"," 11.7","999.9","  35.1"," ","  27.1"," "," 0.00","G"," 16.9","011000"
"01003099999","2024-05-02","77.0","15.5","12.0","HORNSUND, NO","  24.3"," 8","  19.1"," 8","1031.9"," 8","030.5"," 8"," 13.4"," 8"," 13.1"," 8"," 15.5","999.9","  30.4"," ","  23.2"," "," 0.00","G"," 16.1","000000"
"01003099999","2024-05-03","77.0","15.5","12.0","HORNSUND, NO","  21.6"," 9","  15.4"," 9","1026.6"," 9","025.2"," 9"," 17.6"," 8"," 14.5"," 9"," 17.5"," 22.9","  23.7"," ","  19.6"," "," 0.00","I","999.9","000000"
"01003099999","2024-05-04","77.0","15.5","12.0","HORNSUND, NO","  21.5","23","  13.0","23","1026.1","23","024.7","23"," 29.1"," 8","  7.3","22"," 11.5"," 15.7","  23.7"," ","  15.4"," "," 0.00","I","999.9","000000"
"01003099999","2024-05-05","77.0","15.5","12.0","HORNSUND, NO","  24.3"," 8","  19.1"," 8","1024.7"," 8","023.3"," 8"," 14.4"," 8","  6.2"," 8","  9.7"," 12.8","  28.0"," ","  22.1"," "," 0.00","G"," 16.1","001000"
"01003099999","2024-05-06","77.0","15.5","12.0","HORNSUND, NO","  26.4"," 9","  18.3"," 9","1025.1"," 9","023.7"," 9"," 24.1"," 8","  3.3"," 9","  5.1","999.9","  34.5"," ","  24.4"," "," 0.00","G"," 16.1","000000"
"01003099999","2024-05-07","77.0","15.5","12.0","HORNSUND, NO","  29.3"," 5","  24.3"," 5","1027.0"," 5","025.6"," 5"," 22.4"," 5","  5.2"," 5"," 12.0"," 16.7","  32.4"," ","  26.1"," "," 0.00","G"," 16.1","000000"
"01003099999","2024-05-08","77.0","15.5","12.0","HORNSUND, NO","  32.7"," 4","  25.8"," 4","1025.0"," 4","023.6"," 4"," 16.3"," 4"," 10.6"," 4"," 13.8"," 18.5","  34.3"," ","  30.9"," "," 0.00","I","999.9","000000"
"01003099999","2024-05-09","77.0","15.5","12.0","HORNSUND, NO","  31.8"," 9","  25.0"," 9","1015.3"," 9","013.9"," 9"," 10.8"," 8"," 21.6"," 9"," 29.1"," 33.8","  33.3"," ","  29.8"," "," 0.00","G"," 16.1","001000"
"01003099999","2024-05-10","77.0","15.5","12.0","HORNSUND, NO","  30.6"," 7","  27.1"," 7","1015.6"," 7","014.2"," 7","  4.5"," 7"," 19.3"," 7"," 24.3"," 35.7","  31.8"," ","  29.3"," "," 0.02","G"," 16.1","001000"
"01003099999","2024-05-11","77.0","15.5","12.0","HORNSUND, NO","  31.6"," 8","  29.2"," 8","1010.0"," 8","008.6"," 8","  5.7"," 8"," 12.5"," 7"," 19.4","999.9","  33.6"," ","  30.4"," "," 0.00","G"," 16.1","011000"
"01003099999","2024-05-12","77.0","15.5","12.0","HORNSUND, NO","  31.0"," 8","  29.1"," 8","1012.4"," 8","011.0"," 8"," 16.1"," 8","  5.6"," 8","  9.7","999.9","  33.6"," ","  26.2"," "," 0.14","G"," 20.5","111000"
"01003099999","2024-05-13","77.0","15.5","12.0","HORNSUND, NO","  32.9"," 8","  27.2"," 8","1013.4"," 8","012.0"," 8"," 27.9"," 8","  6.6"," 8","  9.7","999.9","  41.5"," ","  30.9"," "," 0.02","G"," 19.7","001000"
"01003099999","2024-05-14","77.0","15.5","12.0","HORNSUND, NO","  34.3"," 9","  27.7"," 9","1005.0"," 9","003.6"," 9"," 14.3"," 8"," 16.2"," 9"," 20.2"," 30.7","  37.0"," ","  29.5"," "," 0.00","G"," 19.3","001000"
"01003099999","2024-05-15","77.0","15.5","12.0","HORNSUND, NO","  34.5"," 9","  26.7"," 9","1006.9"," 9","005.5"," 9"," 21.1"," 8"," 11.5"," 9"," 18.5"," 28.9","  37.6"," ","  31.1"," "," 0.00","G"," 18.5","001000"
"01003099999","2024-05-16","77.0","15.5","12.0","HORNSUND, NO","  30.1"," 9","  17.4"," 9","1022.5"," 9","021.1"," 9"," 22.0"," 6","  5.4"," 9","  9.7"," 13.8","  35.6"," ","  26.2","*"," 0.00","H","999.9","001000"
"01003099999","2024-05-17","77.0","15.5","12.0","HORNSUND, NO","  27.9"," 7","  17.8"," 7","1020.7"," 7","019.3"," 7"," 24.4"," 4","  7.9"," 7"," 14.2"," 18.6","  28.9"," ","  27.1"," "," 0.00","I","999.9","000000"
"01003099999","2024-05-18","77.0","15.5","12.0","HORNSUND, NO","  28.2"," 8","  16.2"," 8","1008.0"," 8","006.6"," 8"," 17.2"," 8","  9.0"," 8"," 13.6"," 19.4","  37.8"," ","  25.7"," "," 0.00","G"," 17.3","001000"
"01003099999","2024-05-19","77.0","15.5","12.0","HORNSUND, NO","  23.1","10","  16.6","10","1005.4","10","004.0","10"," 16.5"," 6"," 13.1","10"," 17.9"," 22.3","  29.1"," ","  20.7"," "," 0.02","G"," 17.3","001000"
"01003099999","2024-05-20","77.0","15.5","12.0","HORNSUND, NO","  25.9"," 7","  13.6"," 7","1014.5"," 7","013.1"," 7"," 31.1"," 7","  4.6"," 7","  5.8","999.9","  35.4"," ","  20.1"," "," 0.00","G"," 16.9","000000"
"01003099999","2024-05-21","77.0","15.5","12.0","HORNSUND, NO","  26.4"," 8","  15.9"," 8","1021.2"," 8","019.8"," 8"," 23.3"," 8","  6.3"," 8"," 13.6","999.9","  28.6"," ","  24.1","*"," 0.00","G"," 16.9","001000"
"01003099999","2024-05-22","77.0","15.5","12.0","HORNSUND, NO","  29.1"," 7","  20.5"," 7","1024.1"," 7","022.7"," 7"," 30.2"," 7","  8.4"," 6"," 11.7","999.9","  34.9"," ","  27.5"," "," 0.00","G"," 16.9","000000"
"01003099999","2024-05-23","77.0","15.5","12.0","HORNSUND, NO","  29.0"," 9","  24.0"," 9","1009.8"," 9","008.4"," 9","  5.3"," 8"," 24.1"," 9"," 33.0"," 33.2","  31.3"," ","  27.0"," "," 0.00","G"," 16.9","001000"
"01003099999","2024-05-24","77.0","15.5","12.0","HORNSUND, NO","  28.3"," 8","  21.9"," 8","1004.6"," 8","003.2"," 8"," 14.5"," 8"," 10.2"," 8"," 15.5"," 20.8","  36.9"," ","  26.2"," "," 0.09","G","999.9","001000"
"01003099999","2024-05-25","77.0","15.5","12.0","HORNSUND, NO","  29.6"," 8","  22.6"," 8","1016.5"," 8","015.2"," 8"," 17.5"," 8"," 15.3"," 8"," 17.5"," 33.6","  33.1"," ","  25.9"," ","99.99"," ","999.9","011000"
"01003099999","2024-05-26","77.0","15.5","12.0","HORNSUND, NO","  31.5"," 7","  22.8"," 7","1012.7"," 7","011.3"," 7"," 24.1"," 7"," 13.3"," 7"," 15.5"," 25.3","  34.0"," ","  28.8"," "," 0.00","G"," 17.7","001000"
"01003099999","2024-05-27","77.0","15.5","12.0","HORNSUND, NO","  30.3","10","  18.2","10","1018.8","10","017.3","10"," 31.1"," 8","  5.2","10"," 11.7"," 17.7","  38.1"," ","  26.1"," "," 0.00","G"," 17.7","000000"
"01003099999","2024-05-28","77.0","15.5","12.0","HORNSUND, NO","  33.3"," 8","  30.0"," 8","1018.5"," 8","017.1"," 8"," 11.0"," 8","  9.8"," 8"," 14.4"," 21.4","  35.8"," ","  28.4"," "," 0.03","G"," 17.7","011000"
"01003099999","2024-05-29","77.0","15.5","12.0","HORNSUND, NO","  37.3"," 8","  36.0"," 8","1017.5"," 8","016.2"," 8","  3.8"," 8","  3.2"," 8","  7.8","999.9","  39.7"," ","  35.2"," "," 0.31","G"," 16.5","110000"
"01003099999","2024-05-30","77.0","15.5","12.0","HORNSUND, NO","  35.8"," 8","  33.3"," 8","1012.8"," 8","011.5"," 8"," 15.5"," 8"," 12.3"," 8"," 23.3","999.9","  40.5"," ","  33.6"," "," 0.00","G"," 16.1","010000"
"01003099999","2024-05-31","77.0","15.5","12.0","HORNSUND, NO","  36.4","23","  34.1","23","1011.4","23","010.0","23","  7.1"," 8"," 14.3","23"," 30.1"," 49.1","  42.4"," ","  34.0"," "," 0.04","G","999.9","010000"
"01003099999","2024-06-01","77.0","15.5","12.0","HORNSUND, NO","  38.5","23","  35.7","23","1016.0","23","014.6","23","  8.2"," 8","  3.7","23"," 10.3"," 13.0","  43.2"," ","  35.1"," "," 0.09","G","999.9","010000"
"01003099999","2024-06-02","77.0","15.5","12.0","HORNSUND, NO","  38.1"," 7","  34.9"," 7","1008.9"," 7","007.5"," 7"," 13.2"," 7"," 15.8"," 7"," 21.4","999.9","  41.5"," ","  35.4"," "," 0.04","G","999.9","010000"
"01003099999","2024-06-03","77.0","15.5","12.0","HORNSUND, NO","  37.6"," 6","  33.2"," 6","1003.7"," 6","002.3"," 6"," 14.4"," 6"," 20.3"," 6"," 23.3"," 30.5","  40.6"," ","  35.2"," "," 0.04","G","999.9","010000"
"01003099999","2024-06-04","77.0","15.5","12.0","HORNSUND, NO","  38.1"," 9","  30.6"," 9","1009.7"," 9","008.3"," 9"," 10.3"," 8"," 28.1"," 9"," 33.0"," 46.0","  40.3"," ","  35.2"," "," 0.13","G","  4.7","010000"
"01003099999","2024-06-05","77.0","15.5","12.0","HORNSUND, NO","  35.7"," 9","  29.2"," 9","1017.5"," 9","016.1"," 9","  8.5"," 8"," 25.4"," 9"," 29.1"," 54.6","  40.8"," ","  33.3"," "," 0.15","G","  3.1","011000"
"01003099999","2024-06-06","77.0","15.5","12.0","HORNSUND, NO","  33.6","20","  27.4","20","1020.1","20","018.7","20"," 14.5"," 8"," 24.2","20"," 28.2"," 37.7","  37.4"," ","  31.5"," "," 0.31","G","  3.1","000000"
"01003099999","2024-06-07","77.0","15.5","12.0","HORNSUND, NO","  34.3","20","  27.1","20","1019.3","20","017.9","20"," 23.5"," 7"," 23.0","20"," 28.4"," 38.7","  38.8"," ","  31.6"," "," 2.36","G","999.9","000000"
"01003099999","2024-06-08","77.0","15.5","12.0","HORNSUND, NO","  33.1"," 7","  28.5"," 7","1018.5"," 7","017.1"," 7"," 28.0"," 7"," 13.8"," 7"," 18.5"," 29.3","  35.1"," ","  31.6"," "," 0.00","G","999.9","100000"
"01003099999","2024-06-09","77.0","15.5","12.0","HORNSUND, NO","  32.9"," 8","  27.7"," 8","1014.7"," 8","013.3"," 8"," 15.1"," 8"," 16.2"," 8"," 19.2"," 24.3","  35.2"," ","  31.8"," "," 0.00","G","  1.2","000000"
"01003099999","2024-06-10","77.0","15.5","12.0","HORNSUND, NO","  37.2"," 7","  32.2"," 7","1012.5"," 7","011.1"," 7"," 27.7"," 7","  7.6"," 7"," 15.5"," 17.5","  43.9"," ","  32.4"," "," 0.00","E","999.9","000000"
"01003099999","2024-06-11","77.0","15.5","12.0","HORNSUND, NO","  39.0"," 8","  33.6"," 8","1006.6"," 8","005.2"," 8"," 21.0"," 8","  5.3"," 8","  9.7","999.9","  46.0"," ","  34.3"," "," 0.00","G","999.9","100000"
"01003099999","2024-06-12","77.0","15.5","12.0","HORNSUND, NO","  38.0"," 8","  32.6"," 8","1008.5"," 8","007.1"," 8"," 26.8"," 8"," 10.5"," 8"," 15.5"," 20.0","  42.4"," ","  35.4"," "," 0.00","G","999.9","000000"
"01003099999","2024-06-13","77.0","15.5","12.0","HORNSUND, NO","  36.0"," 7","  33.4"," 7","1012.5"," 7","011.1"," 7"," 22.1"," 7","  9.0"," 7"," 14.6"," 20.2","  37.2"," ","  35.1"," "," 0.01","E","999.9","010000"
"01003099999","2024-06-14","77.0","15.5","12.0","HORNSUND, NO","  38.5","19","  35.1","19","1014.0","19","012.6","19"," 19.2"," 7","  7.7","18"," 11.1"," 16.9","  42.6"," ","  35.4"," "," 0.00","A","999.9","100000"
"01003099999","2024-06-15","77.0","15.5","12.0","HORNSUND, NO","  38.9"," 8","  33.2"," 8","1015.1"," 8","013.7"," 8"," 28.7"," 8","  6.7"," 8","  9.7"," 10.9","  40.1","*","  36.7"," "," 0.00","E","999.9","000000"
"01003099999","2024-06-16","77.0","15.5","12.0","HORNSUND, NO","  37.0"," 7","  31.9"," 7","1021.0"," 7","019.6"," 7"," 24.4"," 7"," 15.5"," 7"," 17.5"," 23.1","  38.3"," ","  34.7"," "," 0.02","B","999.9","010000"
"01003099999","2024-06-17","77.0","15.5","12.0","HORNSUND, NO","  34.3"," 8","  28.8"," 8","1025.9"," 8","024.5"," 8"," 27.5"," 7"," 12.9"," 8"," 15.3"," 23.9","  35.6"," ","  32.5"," "," 0.00","E","999.9","000000"
"01003099999","2024-06-18","77.0","15.5","12.0","HORNSUND, NO","  33.2"," 7","  26.8"," 7","1021.0"," 7","019.6"," 7"," 24.9"," 7"," 23.9"," 7"," 30.1"," 40.2","  35.2"," ","  31.1"," "," 0.00","E","999.9","000000"
"01003099999","2024-06-19","77.0","15.5","12.0","HORNSUND, NO","  38.2","24","  28.7","24","1011.3","24","009.9","24"," 16.2"," 8"," 27.9","24"," 39.4"," 61.8","  42.6"," ","  32.0"," "," 0.00","H","999.9","010000"
"01003099999","2024-06-20","77.0","15.5","12.0","HORNSUND, NO","  38.2","22","  31.3","22","1009.7","22","008.3","22"," 16.4"," 6"," 28.3","22"," 33.4"," 58.9","  43.5"," ","  34.0"," "," 0.26","G","999.9","000000"
"01003099999","2024-06-21","77.0","15.5","12.0","HORNSUND, NO","  36.0","22","  29.8","22","1013.6","22","012.2","22"," 16.6"," 6"," 22.5","22"," 29.7"," 41.0","  38.5"," ","  33.3"," "," 0.00","G","999.9","000000"
"01003099999","2024-06-22","77.0","15.5","12.0","HORNSUND, NO","  38.8"," 8","  33.1"," 8","1013.3"," 8","011.9"," 8"," 24.1"," 8"," 11.3"," 8"," 18.8"," 27.8","  42.6"," ","  35.4"," "," 0.00","G","999.9","000000"
"01003099999","2024-06-23","77.0","15.5","12.0","HORNSUND, NO","  39.4"," 8","  36.5"," 8","1010.3"," 8","008.9"," 8"," 20.6"," 8","  4.9"," 8","  7.8","999.9","  44.4"," ","  35.4"," "," 0.00","G","999.9","000000"
"01003099999","2024-06-24","77.0","15.5","12.0","HORNSUND, NO","  39.3","23","  35.1","23","1003.9","23","002.5","23"," 14.8"," 8"," 17.8","23"," 25.1"," 37.1","  43.5"," ","  36.7"," "," 0.00","G","999.9","010000"
"01003099999","2024-06-25","77.0","15.5","12.0","HORNSUND, NO","  38.7"," 7","  37.2"," 7"," 999.9"," 7","998.5"," 7"," 11.1"," 6","  9.4"," 7"," 11.8"," 27.6","  42.8"," ","  35.8"," "," 0.00","G","999.9","110000"
"01003099999","2024-06-26","77.0","15.5","12.0","HORNSUND, NO","  37.8"," 6","  37.1"," 6"," 995.9"," 6","994.5"," 6","  4.8"," 6","  5.8"," 6"," 11.7","999.9","  40.1"," ","  36.1"," "," 0.08","E","999.9","010000"
"01003099999","2024-06-27","77.0","15.5","12.0","HORNSUND, NO","  39.2"," 6","  36.6"," 6","1002.0"," 6","000.6"," 6","  8.6"," 6","  7.4"," 6"," 11.8"," 17.5","  40.6"," ","  36.5"," "," 0.25","G","999.9","110000"
"01003099999","2024-06-28","77.0","15.5","12.0","HORNSUND, NO","  38.4"," 6","  34.7"," 6","1008.4"," 6","007.0"," 6"," 19.4"," 6","  8.2"," 6"," 11.7"," 18.8","  41.2"," ","  36.0"," "," 0.00","G","999.9","010000"
"01003099999","2024-06-29","77.0","15.5","12.0","HORNSUND, NO","  40.7"," 8","  33.5"," 8","1011.4"," 8","010.0"," 8"," 31.1"," 8","  3.7"," 8","  5.8","999.9","  44.4"," ","  36.1"," "," 0.00","G","999.9","000000"
"01003099999","2024-06-30","77.0","15.5","12.0","HORNSUND, NO","  37.3"," 8","  34.6"," 8","1010.8"," 8","009.4"," 8"," 14.4"," 8","  5.3"," 8","  7.8","999.9","  41.7","*","  33.8"," "," 0.00","G","999.9","100000"
"01003099999","2024-07-01","77.0","15.5","12.0","HORNSUND, NO","  37.8"," 8","  34.7"," 8","1009.8"," 8","008.4"," 8"," 17.9"," 8","  3.9"," 8","  7.8","999.9","  40.1"," ","  34.3"," "," 0.00","G","999.9","000000"
"01003099999","2024-07-02","77.0","15.5","12.0","HORNSUND, NO","  44.9"," 9","  34.3"," 9","1006.4"," 9","005.0"," 9"," 31.1"," 7"," 12.5"," 9"," 21.4"," 21.8","  48.6"," ","  38.7"," "," 0.00","G","999.9","000000"
"01003099999","2024-07-03","77.0","15.5","12.0","HORNSUND, NO","  41.7","24","  36.7","24","1005.5","24","004.1","24"," 29.1"," 8","  4.2","22","  9.1"," 19.6","  48.0"," ","  37.6"," "," 0.00","G","999.9","000000"
"01003099999","2024-07-04","77.0","15.5","12.0","HORNSUND, NO","  39.0"," 8","  35.2"," 8","1005.3"," 8","003.9"," 8"," 23.8"," 8"," 12.7"," 8"," 21.4","999.9","  43.9"," ","  37.4"," "," 0.00","G","999.9","110000"
"01003099999","2024-07-05","77.0","15.5","12.0","HORNSUND, NO","  39.0"," 8","  34.8"," 8","1005.7"," 8","004.3"," 8"," 23.3"," 8","  8.7"," 8"," 15.5","999.9","  42.6"," ","  37.4"," "," 0.03","G","999.9","110000"
"01003099999","2024-07-06","77.0","15.5","12.0","HORNSUND, NO","  39.5"," 8","  35.0"," 8","1002.3"," 8","000.9"," 8"," 19.3"," 7"," 10.9"," 8"," 13.6"," 19.0","  42.6"," ","  37.0"," "," 0.01","G","999.9","000000"
"01003099999","2024-07-07","77.0","15.5","12.0","HORNSUND, NO","  39.4"," 6","  35.3"," 6"," 992.4"," 6","991.1"," 6"," 13.7"," 6","  7.4"," 6"," 15.5","999.9","  41.5"," ","  38.1"," "," 0.00","G","  0.4","010000"
"01003099999","2024-07-08","77.0","15.5","12.0","HORNSUND, NO","  38.3"," 8","  36.9"," 8"," 984.6"," 8","983.3"," 8","  5.9"," 7"," 13.5"," 8"," 19.4"," 27.6","  39.0"," ","  37.2"," "," 0.56","G","  0.4","010000"
"01003099999","2024-07-09","77.0","15.5","12.0","HORNSUND, NO","  40.3"," 7","  36.9"," 7"," 994.4"," 7","993.1"," 7"," 11.0"," 7"," 15.1"," 7"," 23.3"," 29.5","  43.9"," ","  37.4"," "," 0.73","G","  0.4","010000"
"01003099999","2024-07-10","77.0","15.5","12.0","HORNSUND, NO","  40.8"," 8","  37.7"," 8","1010.5"," 8","009.1"," 8"," 13.4"," 8","  7.3"," 8"," 11.7","999.9","  42.6"," ","  39.4"," "," 0.10","G","999.9","010000"
"01003099999","2024-07-11","77.0","15.5","12.0","HORNSUND, NO","  41.6"," 7","  41.2"," 7","1014.7"," 7","013.3"," 7","  3.6"," 6","  2.9"," 7","  5.8","999.9","  43.2"," ","  39.7"," "," 0.21","G","999.9","110000"
"01003099999","2024-07-12","77.0","15.5","12.0","HORNSUND, NO","  42.9"," 7","  39.6"," 7","1008.8"," 7","007.4"," 7"," 11.2"," 6"," 13.0"," 7"," 30.1"," 43.9","  46.0"," ","  40.3"," "," 0.16","G","999.9","010000"
"01003099999","2024-07-13","77.0","15.5","12.0","HORNSUND, NO","  39.5","15","  38.4","15","1004.3","15","002.9","15","  4.2"," 5","  8.7","14"," 17.5"," 23.3","  44.1"," ","  36.1"," "," 0.57","G","999.9","110000"
"01003099999","2024-07-14","77.0","15.5","12.0","HORNSUND, NO","  41.6"," 7","  40.7"," 7","1001.7"," 7","000.3"," 7","  2.1"," 7","  8.4"," 7"," 13.6","999.9","  44.4"," ","  37.9"," "," 0.24","G","999.9","110000"
"01003099999","2024-07-15","77.0","15.5","12.0","HORNSUND, NO","  40.3"," 7","  39.6"," 7","1011.3"," 7","009.9"," 7","  4.0"," 7","  6.9"," 7"," 10.1"," 15.0","  42.4"," ","  38.3"," "," 0.03","G","999.9","010000"
"01003099999","2024-07-16","77.0","15.5","12.0","HORNSUND, NO","  39.9"," 8","  38.3"," 8","1015.2"," 8","013.8"," 8","  7.2"," 8","  8.4"," 8"," 11.7","999.9","  46.2"," ","  37.0"," "," 0.09","G","999.9","100000"
"01003099999","2024-07-17","77.0","15.5","12.0","HORNSUND, NO","  38.2"," 7","  37.3"," 7","1020.3"," 7","018.9"," 7","  8.4"," 7","  4.7"," 7","  7.8","999.9","  43.0"," ","  34.0"," "," 0.00","G","999.9","100000"
"01003099999","2024-07-18","77.0","15.5","12.0","HORNSUND, NO","  41.1"," 8","  39.9"," 8","1019.8"," 8","018.4"," 8"," 12.9"," 8","  5.1"," 8"," 11.7","999.9","  45.3"," ","  36.7"," "," 0.00","G","999.9","100000"
"01003099999","2024-07-19","77.0","15.5","12.0","HORNSUND, NO","  43.0"," 8","  40.7"," 8","1016.0"," 8","014.6"," 8"," 20.7"," 8","  7.0"," 8"," 11.7","999.9","  47.3"," ","  39.7"," "," 0.00","G","999.9","100000"
"01003099999","2024-07-20","77.0","15.5","12.0","HORNSUND, NO","  44.1"," 6","  37.2"," 6","1014.9"," 6","013.5"," 6"," 24.3"," 6"," 11.4"," 6"," 15.5"," 17.9","  47.8"," ","  39.9"," "," 0.00","G","999.9","000000"
"01003099999","2024-07-21","77.0","15.5","12.0","HORNSUND, NO","  41.1"," 8","  40.2"," 8","1012.3"," 8","010.9"," 8","  5.8"," 8","  5.4"," 8","  6.2","999.9","  45.9"," ","  37.6"," "," 0.00","G","999.9","010000"
"01003099999","2024-07-22","77.0","15.5","12.0","HORNSUND, NO","  45.7"," 8","  43.9"," 8","1013.0"," 8","011.6"," 8"," 17.4"," 8","  4.2"," 8","  6.8","999.9","  49.6"," ","  41.9"," "," 0.04","G","999.9","100000"
"01003099999","2024-07-23","77.0","15.5","12.0","HORNSUND, NO","  47.8"," 7","  44.3"," 7","1012.2"," 7","010.8"," 7"," 16.7"," 7","  9.5"," 7"," 13.6"," 21.8","  55.2"," ","  42.8"," "," 0.00","G","999.9","100000"
"01003099999","2024-07-24","77.0","15.5","12.0","HORNSUND, NO","  43.9"," 8","  42.9"," 8","1009.5"," 8","008.1"," 8","  6.0"," 8","  7.3"," 8"," 14.2"," 16.3","  45.9"," ","  41.9"," "," 0.00","G","  0.4","110000"
"01003099999","2024-07-25","77.0","15.5","12.0","HORNSUND, NO","  44.0"," 8","  43.8"," 8","1014.3"," 8","012.9"," 8","  2.5"," 8","  6.6"," 8"," 11.7","999.9","  46.4"," ","  42.1"," "," 0.04","B","999.9","110000"
"01003099999","2024-07-26","77.0","15.5","12.0","HORNSUND, NO","  44.4","22","  41.7","22","1013.6","22","012.2","22"," 14.0"," 8","  3.6","22","  8.9"," 11.8","  48.2"," ","  39.2"," "," 0.11","G","999.9","110000"
"01003099999","2024-07-27","77.0","15.5","12.0","HORNSUND, NO","  45.6","24","  41.0","24","1008.7","24","007.3","24"," 15.8"," 8"," 11.3","24"," 21.4"," 30.5","  50.9"," ","  39.0"," "," 0.00","G","999.9","110000"
"01003099999","2024-07-28","77.0","15.5","12.0","HORNSUND, NO","  44.0"," 9","  41.6"," 9","1012.2"," 9","010.8"," 9","  7.6"," 8","  9.8"," 9"," 17.5","999.9","  49.1"," ","  39.0"," "," 0.00","G","999.9","010000"
"01003099999","2024-07-29","77.0","15.5","12.0","HORNSUND, NO","  44.1"," 8","  43.2"," 8","1016.3"," 8","014.9"," 8","  3.5"," 8","  4.1"," 8","  7.8","999.9","  46.9"," ","  40.6"," "," 0.33","G","999.9","110000"
"01003099999","2024-07-30","77.0","15.5","12.0","HORNSUND, NO","  45.0"," 8","  40.7"," 8","1020.8"," 8","019.4"," 8"," 21.0"," 8","  3.8"," 8","  5.8","999.9","  50.2"," ","  40.6"," "," 0.00","G","999.9","100000"
"01003099999","2024-07-31","77.0","15.5","12.0","HORNSUND, NO","  44.4"," 7","  40.5"," 7","1024.4"," 7","023.0"," 7"," 22.3"," 7","  2.6"," 7","  3.9","999.9","  50.2"," ","  38.8"," "," 0.00","G","999.9","100000"
"01003099999","2024-08-01","77.0","15.5","12.0","HORNSUND, NO","  46.6"," 8","  40.6"," 8","1021.3"," 8","019.9"," 8"," 31.1"," 8","  4.6"," 8","  9.7","999.9","  53.8"," ","  40.1"," "," 0.00","G","999.9","000000"
"01003099999","2024-08-02","77.0","15.5","12.0","HORNSUND, NO","  46.0"," 7","  38.9"," 7","1021.1"," 7","019.7"," 7"," 31.1"," 7"," 10.7"," 7"," 15.5","999.9","  51.3"," ","  41.7"," "," 0.00","G","999.9","000000"
"01003099999","2024-08-03","77.0","15.5","12.0","HORNSUND, NO","  46.0"," 7","  40.2"," 7","1020.8"," 7","019.4"," 7"," 30.2"," 7","  5.3"," 7","  7.8","999.9","  50.5"," ","  41.2"," "," 0.00","G","999.9","000000"
"01003099999","2024-08-04","77.0","15.5","12.0","HORNSUND, NO","  43.2"," 9","  40.5"," 9","1016.9"," 9","015.5"," 9"," 13.4"," 8","  6.2"," 9","  9.7"," 10.7","  51.6"," ","  39.0"," "," 0.00","G","999.9","100000"
"01003099999","2024-08-05","77.0","15.5","12.0","HORNSUND, NO","  42.2"," 9","  40.9"," 9","1016.3"," 9","014.9"," 9","  8.6"," 8","  5.1"," 9","  7.8","999.9","  46.8"," ","  38.3"," "," 0.00","G","999.9","100000"
"01003099999","2024-08-06","77.0","15.5","12.0","HORNSUND, NO","  43.8"," 8","  41.9"," 8","1014.6"," 8","013.2"," 8"," 17.2"," 8","  2.8"," 8","  3.9"," 10.7","  48.0"," ","  39.7"," "," 0.00","G","999.9","100000"
"01003099999","2024-08-07","77.0","15.5","12.0","HORNSUND, NO","  49.6"," 8","  46.4"," 8","1012.0"," 8","010.7"," 8"," 17.1"," 8","  5.7"," 8","  8.9"," 11.1","  58.5"," ","  41.5"," "," 0.00","G","999.9","110000"
"01003099999","2024-08-08","77.0","15.5","12.0","HORNSUND, NO","  50.8"," 8","  42.0"," 8","1007.3"," 8","006.0"," 8"," 29.9"," 8","  5.3"," 8","  9.7","999.9","  59.0"," ","  44.1"," "," 0.00","G","999.9","000000"
"01003099999","2024-08-09","77.0","15.5","12.0","HORNSUND, NO","  47.9","23","  41.7","23","1001.9","23","000.6","23"," 30.2"," 7"," 10.2","23"," 15.7"," 24.1","  60.8"," ","  42.8"," "," 0.00","I","999.9","000000"
"01003099999","2024-08-10","77.0","15.5","12.0","HORNSUND, NO","  49.7"," 8","  43.5"," 8","1005.0"," 8","003.7"," 8"," 12.8"," 8"," 12.3"," 8"," 26.0"," 39.4","  61.2"," ","  40.6"," "," 0.13","G","999.9","110000"
"01003099999","2024-08-11","77.0","15.5","12.0","HORNSUND, NO","  50.4"," 6","  43.3"," 6","1006.2"," 6","004.9"," 6","  8.3"," 6"," 21.0"," 6"," 25.3"," 32.2","  54.9"," ","  47.3"," "," 0.00","G","999.9","000000"
"01003099999","2024-08-13","77.0","15.5","12.0","HORNSUND, NO","  43.5"," 8","  42.3"," 8","1010.6"," 8","009.2"," 8","  3.7"," 8","  8.2"," 8"," 13.6"," 17.3","  47.3"," ","  41.0"," "," 0.27","G","  0.4","110000"
"01003099999","2024-08-14","77.0","15.5","12.0","HORNSUND, NO","  45.7","20","  43.2","20","1009.2","20","007.8","20"," 14.7"," 8","  6.3","20"," 14.4"," 21.6","  52.0"," ","  40.1"," "," 0.15","G","  0.4","110000"
"01003099999","2024-08-15","77.0","15.5","12.0","HORNSUND, NO","  42.7","20","  41.3","20","1004.2","20","002.8","20"," 13.0"," 8","  9.5","20"," 16.3"," 23.3","  51.6"," ","  37.2"," "," 0.50","G","999.9","010000"
"01003099999","2024-08-16","77.0","15.5","12.0","HORNSUND, NO","  46.1","24","  43.0","24"," 997.6","24","996.3","24","  5.7"," 8"," 15.5","24"," 26.2"," 41.4","  55.6"," ","  37.9"," "," 0.07","G","999.9","110000"
"01003099999","2024-08-17","77.0","15.5","12.0","HORNSUND, NO","  46.9"," 9","  43.9"," 9"," 994.1"," 9","992.8"," 9"," 10.1"," 7"," 11.7"," 9"," 23.3"," 31.9","  53.8"," ","  40.3"," "," 0.17","G","999.9","010000"
"01003099999","2024-08-18","77.0","15.5","12.0","HORNSUND, NO","  42.6","10","  40.5","10","1001.5","10","000.2","10"," 16.8"," 8","  7.5","10","  9.9"," 12.8","  50.2"," ","  39.0"," "," 0.12","G","999.9","110000"
"01003099999","2024-08-19","77.0","15.5","12.0","HORNSUND, NO","  48.8"," 9","  43.2"," 9"," 999.8"," 9","998.5"," 9"," 11.3"," 8"," 18.2"," 9"," 23.3"," 34.2","  51.4"," ","  41.9"," "," 0.00","G","999.9","010000"
"01003099999","2024-08-20","77.0","15.5","12.0","HORNSUND, NO","  43.4","22","  40.8","22","1001.5","22","000.1","22"," 10.4"," 7"," 10.1","22"," 17.9"," 26.4","  51.1"," ","  38.5"," "," 0.11","G","999.9","110000"
"01003099999","2024-08-21","77.0","15.5","12.0","HORNSUND, NO","  46.8","22","  44.0","22"," 997.2","22","995.9","22","  7.4"," 8"," 13.1","22"," 19.4"," 33.8","  52.2"," ","  41.7"," "," 0.69","G","  1.2","010000"
"01003099999","2024-08-22","77.0","15.5","12.0","HORNSUND, NO","  45.5","22","  44.3","22"," 993.4","22","992.0","22","  6.8"," 8","  8.0","22"," 14.4"," 25.3","  48.9"," ","  43.0"," "," 1.30","G","999.9","110000"
"01003099999","2024-08-23","77.0","15.5","12.0","HORNSUND, NO","  43.9","21","  40.2","21"," 997.7","21","996.4","21"," 10.9"," 8","  8.2","21"," 15.2"," 26.8","  48.9"," ","  37.6"," "," 0.06","G","999.9","110000"
"01003099999","2024-08-24","77.0","15.5","12.0","HORNSUND, NO","  45.5","23","  39.6","23"," 997.5","23","996.2","23"," 21.0"," 8"," 19.2","23"," 23.9"," 33.8","  47.7"," ","  42.8"," "," 0.00","G","999.9","000000"
"01003099999","2024-08-25","77.0","15.5","12.0","HORNSUND, NO","  44.9","22","  41.0","22"," 989.6","22","988.3","22"," 11.7"," 8"," 20.5","22"," 31.5"," 49.0","  51.3"," ","  41.4"," "," 0.00","G","999.9","010000"
"01003099999","2024-08-26","77.0","15.5","12.0","HORNSUND, NO","  44.5","24","  40.5","24"," 987.7","24","986.4","24","  8.2"," 8"," 12.7","24"," 17.9"," 25.8","  50.4"," ","  38.3"," "," 0.01","G","999.9","000000"
"01003099999","2024-08-27","77.0","15.5","12.0","HORNSUND, NO","  41.8","23","  37.4","23"," 988.8","23","987.5","23"," 14.6"," 8","  8.1","23"," 17.3"," 27.0","  47.5"," ","  35.2"," "," 0.00","G","999.9","000000"
"01003099999","2024-08-28","77.0","15.5","12.0","HORNSUND, NO","  42.4"," 8","  32.3"," 8","1003.3"," 8","001.9"," 8"," 26.8"," 8","  6.0"," 8"," 14.4"," 23.9","  47.5"," ","  36.7"," "," 0.00","G","999.9","000000"
"01003099999","2024-08-29","77.0","15.5","12.0","HORNSUND, NO","  42.9"," 8","  39.6"," 8","1011.5"," 8","010.1"," 8"," 18.4"," 8","  8.6"," 8"," 17.5","999.9","  46.9"," ","  34.7"," "," 0.00","G","999.9","010000"
"01003099999","2024-08-30","77.0","15.5","12.0","HORNSUND, NO","  42.4","23","  41.3","23","1004.1","23","002.7","23","  7.1"," 8","  8.8","23"," 15.0"," 19.2","  47.7"," ","  37.8"," "," 0.11","G","999.9","010000"
"01003099999","2024-08-31","77.0","15.5","12.0","HORNSUND, NO","  43.8","23","  42.8","23","1001.4","23","000.1","23","  2.4"," 8","  9.7","23"," 16.5"," 26.8","  45.9"," ","  39.4"," "," 0.61","G","  0.4","110000"
"01003099999","2024-09-01","77.0","15.5","12.0","HORNSUND, NO","  41.7"," 8","  39.9"," 8","1013.5"," 8","012.1"," 8","  6.6"," 8","  8.8"," 8"," 13.6"," 22.9","  45.9"," ","  38.8","*"," 0.33","G","999.9","110000"
"01003099999","2024-09-02","77.0","15.5","12.0","HORNSUND, NO","  43.7"," 8","  43.5"," 8","1019.3"," 8","017.9"," 8","  0.9"," 7","  8.7"," 8"," 11.1"," 12.8","  45.7"," ","  38.1"," "," 0.11","G","999.9","110000"
"01003099999","2024-09-03","77.0","15.5","12.0","HORNSUND, NO","  43.1"," 9","  41.7"," 9","1021.0"," 9","019.6"," 9","  5.7"," 8","  5.4"," 9"," 11.1"," 16.7","  47.8"," ","  38.5"," "," 0.11","G","999.9","010000"
"01003099999","2024-09-04","77.0","15.5","12.0","HORNSUND, NO","  42.1"," 8","  40.5"," 8","1006.3"," 8","004.9"," 8","  5.2"," 8","  7.0"," 8"," 19.4","999.9","  45.3"," ","  39.4"," "," 0.00","G","999.9","110000"
"01003099999","2024-09-05","77.0","15.5","12.0","HORNSUND, NO","  42.5","22","  41.7","22","1006.6","22","005.2","22","  3.4"," 7","  6.6","22"," 15.7"," 20.4","  46.0"," ","  38.7"," "," 0.11","G","999.9","110000"
"01003099999","2024-09-06","77.0","15.5","12.0","HORNSUND, NO","  42.7","23","  39.6","23"," 993.8","23","992.5","23","  9.5"," 8"," 12.8","23"," 23.9"," 34.8","  45.1"," ","  38.7"," "," 0.13","G","  0.8","010000"
"01003099999","2024-09-07","77.0","15.5","12.0","HORNSUND, NO","  39.6","22","  33.1","22","1006.7","22","005.3","22"," 21.0"," 8","  7.5","22"," 17.9"," 26.6","  42.8"," ","  37.2"," "," 0.61","G","999.9","010000"
"01003099999","2024-09-08","77.0","15.5","12.0","HORNSUND, NO","  37.9"," 7","  34.6"," 7","1007.1"," 7","005.7"," 7"," 11.9"," 7","  9.2"," 7"," 15.5"," 16.3","  40.5"," ","  35.6"," "," 0.04","G","999.9","010000"
"01003099999","2024-09-09","77.0","15.5","12.0","HORNSUND, NO","  37.7"," 8","  31.9"," 8","1002.7"," 8","001.3"," 8","  9.7"," 8"," 17.6"," 8"," 23.3"," 28.0","  39.4"," ","  35.8"," "," 0.00","G","999.9","010000"
"01003099999","2024-09-10","77.0","15.5","12.0","HORNSUND, NO","  35.2"," 6","  25.5"," 6","1004.6"," 6","003.2"," 6"," 13.2"," 6"," 16.6"," 6"," 19.4"," 24.9","  37.9"," ","  33.1"," "," 0.00","G","999.9","000000"
"01003099999","2024-09-11","77.0","15.5","12.0","HORNSUND, NO","  34.4","13","  23.9","13","1007.7","13","006.3","13","  9.9"," 8"," 30.6","13"," 35.0"," 51.7","  37.6"," ","  32.5"," "," 0.00","G","999.9","001000"
"01003099999","2024-09-12","77.0","15.5","12.0","HORNSUND, NO","  38.6","11","  29.3","11","1012.3","11","010.9","11"," 12.9"," 7"," 31.0","11"," 38.9"," 50.9","  43.0"," ","  36.9"," "," 0.00","G","999.9","010000"
"01003099999","2024-09-13","77.0","15.5","12.0","HORNSUND, NO","  43.0"," 4","  37.8"," 4","1006.8"," 4","005.5"," 4"," 10.1"," 4"," 19.4"," 4"," 27.0"," 39.8","  44.8"," ","  39.4"," "," 0.09","G","999.9","010000"
"01003099999","2024-09-14","77.0","15.5","12.0","HORNSUND, NO","  43.7","22","  41.5","22","1003.5","22","002.2","22","  6.5"," 8"," 15.4","22"," 20.8"," 28.6","  47.1"," ","  37.6"," "," 0.12","G","999.9","010000"
"01003099999","2024-09-15","77.0","15.5","12.0","HORNSUND, NO","  40.6"," 8","  39.9"," 8","1010.5"," 8","009.1"," 8","  4.2"," 8"," 11.0"," 8"," 15.5","999.9","  43.2"," ","  37.8"," "," 0.19","G","999.9","110000"
"01003099999","2024-09-16","77.0","15.5","12.0","HORNSUND, NO","  40.2"," 7","  38.4"," 7","1015.0"," 7","013.6"," 7"," 10.8"," 7","  9.4"," 7"," 19.4","999.9","  46.8"," ","  35.4"," "," 0.05","G","999.9","110000"
"01003099999","2024-09-17","77.0","15.5","12.0","HORNSUND, NO","  39.6"," 7","  38.0"," 7","1007.8"," 7","006.4"," 7","  5.1"," 7","  6.8"," 7"," 11.7"," 13.4","  45.7"," ","  37.0"," "," 0.24","G","999.9","110000"
"01003099999","2024-09-18","77.0","15.5","12.0","HORNSUND, NO","  38.0"," 7","  37.2"," 7","1009.6"," 7","008.2"," 7","  3.0"," 7","  4.2"," 7"," 11.7","999.9","  41.0"," ","  35.2"," "," 0.00","G","999.9","100000"
"01003099999","2024-09-19","77.0","15.5","12.0","HORNSUND, NO","  42.7","10","  35.6","10"," 999.5","10","998.1","10","  8.7"," 8"," 21.8","10"," 28.6"," 52.1","  45.0"," ","  35.4"," "," 0.10","G","999.9","010000"
"01003099999","2024-09-20","77.0","15.5","12.0","HORNSUND, NO","  37.9"," 9","  28.2"," 9","1015.3"," 9","013.9"," 9"," 12.8"," 8"," 13.0"," 9"," 19.4"," 22.7","  44.2"," ","  35.1"," "," 0.01","G","999.9","010000"
"01003099999","2024-09-21","77.0","15.5","12.0","HORNSUND, NO","  34.4"," 8","  26.9"," 8","1025.2"," 8","023.8"," 8"," 21.0"," 8","  6.8"," 8"," 15.5"," 19.6","  36.7"," ","  32.7"," "," 0.00","G","999.9","000000"
"01003099999","2024-09-22","77.0","15.5","12.0","HORNSUND, NO","  32.3"," 8","  22.0"," 8","1026.8"," 8","025.5"," 8"," 28.4"," 7","  9.8"," 8"," 13.6","999.9","  33.6"," ","  31.1"," "," 0.00","G","999.9","000000"
"01003099999","2024-09-23","77.0","15.5","12.0","HORNSUND, NO","  29.8"," 8","  24.2"," 8","1025.4"," 8","024.0"," 8"," 31.1"," 8","  6.7"," 8","  9.7"," 10.5","  32.4"," ","  27.9"," "," 0.00","G","999.9","000000"
"01003099999","2024-09-24","77.0","15.5","12.0","HORNSUND, NO","  29.6"," 8","  22.7"," 8","1021.7"," 8","020.3"," 8"," 29.1"," 8","  8.2"," 8","  9.7","999.9","  31.3"," ","  27.5"," "," 0.00","G","999.9","000000"
"01003099999","2024-09-25","77.0","15.5","12.0","HORNSUND, NO","  33.3"," 7","  24.7"," 7","1008.0"," 7","006.6"," 7"," 11.5"," 7"," 12.1"," 7"," 15.5"," 25.8","  38.3"," ","  28.6"," "," 0.00","G","999.9","101000"
"01003099999","2024-09-26","77.0","15.5","12.0","HORNSUND, NO","  36.8","10","  27.2","10"," 997.6","10","996.2","10","  6.3"," 8"," 21.4","10"," 27.4"," 43.9","  39.4"," ","  33.8"," "," 0.01","G","999.9","011000"
"01003099999","2024-09-27","77.0","15.5","12.0","HORNSUND, NO","  32.4"," 9","  20.6"," 9","1000.4"," 9","999.0"," 9"," 14.3"," 8"," 13.7"," 9"," 19.6"," 41.0","  34.5"," ","  29.7"," "," 0.01","G","  0.4","001000"
"01003099999","2024-09-28","77.0","15.5","12.0","HORNSUND, NO","  31.5","22","  21.4","22"," 994.0","22","992.6","22"," 22.8"," 8","  7.4","19"," 14.0"," 20.6","  33.1"," ","  28.8"," "," 0.00","G","999.9","001000"
"01003099999","2024-09-29","77.0","15.5","12.0","HORNSUND, NO","  34.5"," 7","  29.3"," 7"," 993.8"," 7","992.4"," 7"," 22.6"," 7","  8.6"," 7"," 11.7","999.9","  36.5"," ","  31.1"," "," 0.00","G","999.9","000000"
"01003099999","2024-09-30","77.0","15.5","12.0","HORNSUND, NO","  32.5"," 8","  30.1"," 8","1004.7"," 8","003.3"," 8","  8.2"," 7","  5.7"," 8","  9.7"," 12.0","  34.2"," ","  31.6"," "," 0.00","G","  0.4","011000"
"01003099999","2024-10-01","77.0","15.5","12.0","HORNSUND, NO","  29.6"," 9","  24.4"," 9","1009.9"," 9","008.5"," 9"," 16.8"," 5","  8.2"," 9","  9.7"," 12.6","  32.4"," ","  27.3"," "," 0.10","G","  0.4","000000"
"01003099999","2024-10-02","77.0","15.5","12.0","HORNSUND, NO","  30.3","10","  22.8","10","1017.3","10","015.9","10"," 24.2"," 5","  9.0","10"," 11.7"," 17.9","  31.6"," ","  26.1"," "," 0.00","G","  0.4","000000"
"01003099999","2024-10-03","77.0","15.5","12.0","HORNSUND, NO","  30.7"," 8","  23.0"," 8","1019.1"," 8","017.7"," 8"," 22.4"," 5","  6.4"," 8"," 10.3"," 19.2","  32.5"," ","  28.2"," "," 0.00","G","  0.4","000000"
"01003099999","2024-10-04","77.0","15.5","12.0","HORNSUND, NO","  27.5"," 8","  21.2"," 8","1016.6"," 8","015.2"," 8"," 28.6"," 5","  4.9"," 8","  9.3"," 14.0","  29.8","*","  24.8"," "," 0.39","G","999.9","000000"
"01003099999","2024-10-05","77.0","15.5","12.0","HORNSUND, NO","  28.4"," 8","  19.8"," 8","1020.2"," 8","018.8"," 8"," 13.4"," 5","  9.9"," 8"," 19.4","999.9","  30.9"," ","  26.6"," "," 0.00","G","  0.4","001000"
"01003099999","2024-10-06","77.0","15.5","12.0","HORNSUND, NO","  26.3"," 8","  19.1"," 8","1021.2"," 8","019.8"," 8"," 29.2"," 5","  3.7"," 8","  9.7","999.9","  30.2"," ","  21.7"," "," 0.00","G","  0.4","000000"
"01003099999","2024-10-07","77.0","15.5","12.0","HORNSUND, NO","  31.3"," 9","  22.6"," 9","1021.7"," 9","020.3"," 9"," 12.1"," 5"," 17.1"," 9"," 21.6"," 36.1","  33.1"," ","  29.3"," "," 0.00","G","999.9","001000"
"01003099999","2024-10-08","77.0","15.5","12.0","HORNSUND, NO","  30.9","10","  21.2","10","1029.3","10","027.9","10"," 21.7"," 5"," 15.3","10"," 23.3"," 34.4","  32.7"," ","  26.4"," "," 0.00","G","  0.4","000000"
"01003099999","2024-10-09","77.0","15.5","12.0","HORNSUND, NO","  31.1"," 9","  23.7"," 9","1017.1"," 9","015.7"," 9"," 10.8"," 5"," 20.5"," 9"," 33.0"," 56.3","  34.3"," ","  28.9"," "," 0.00","G","  0.4","001000"
"01003099999","2024-10-10","77.0","15.5","12.0","HORNSUND, NO","  36.8","10","  31.5","10"," 997.5","10","996.1","10","  7.5"," 5"," 25.0","10"," 30.7"," 49.5","  40.6"," ","  31.8"," "," 0.05","G","999.9","010000"
"01003099999","2024-10-11","77.0","15.5","12.0","HORNSUND, NO","  39.4","22","  33.5","22"," 987.4","22","986.1","22","  8.0"," 5"," 23.4","22"," 34.8"," 53.4","  41.9"," ","  37.2"," "," 0.59","G","  0.4","010000"
"01003099999","2024-10-12","77.0","15.5","12.0","HORNSUND, NO","  38.3"," 9","  33.8"," 9"," 986.5"," 9","985.2"," 9"," 14.5"," 5"," 13.1"," 9"," 17.5"," 41.6","  40.6"," ","  36.3"," "," 0.78","G","999.9","010000"
"01003099999","2024-10-13","77.0","15.5","12.0","HORNSUND, NO","  38.4"," 6","  32.8"," 6"," 990.6"," 6","989.2"," 6","  5.9"," 4"," 21.9"," 6"," 27.2"," 33.4","  41.2"," ","  36.9","*"," 0.04","G","999.9","010000"
"01003099999","2024-10-14","77.0","15.5","12.0","HORNSUND, NO","  37.3","10","  34.1","10"," 993.0","10","991.6","10"," 13.8"," 4"," 13.2","10"," 16.5"," 24.9","  39.0"," ","  36.0"," "," 0.00","G","999.9","010000"
"01003099999","2024-10-15","77.0","15.5","12.0","HORNSUND, NO","  36.3","10","  32.3","10"," 995.4","10","994.0","10"," 12.6"," 4","  8.7","10"," 11.7"," 18.8","  38.1"," ","  32.5"," "," 0.04","E","999.9","010000"
"01003099999","2024-10-16","77.0","15.5","12.0","HORNSUND, NO","  30.9"," 4","  28.4"," 4","1002.2"," 4","000.8"," 4","999.9"," 0","  1.9"," 4","  2.1","999.9","  33.3"," ","  28.6"," "," 0.00","I","999.9","000000"
"01003099999","2024-10-17","77.0","15.5","12.0","HORNSUND, NO","  32.9","16","  27.4","16"," 995.7","16","994.3","16","999.9"," 0"," 18.2","16"," 30.3"," 52.4","  36.3"," ","  28.4"," ","99.99"," ","999.9","011000"
"01003099999","2024-10-18","77.0","15.5","12.0","HORNSUND, NO","  34.9","24","  33.0","24"," 987.7","24","986.3","24"," 11.0"," 5","  7.5","22"," 13.8"," 19.6","  36.5"," ","  33.3","*"," 0.03","G","999.9","010000"
"01003099999","2024-10-19","77.0","15.5","12.0","HORNSUND, NO","  34.6"," 8","  30.0"," 8","1006.0"," 8","004.6"," 8"," 23.6"," 5"," 11.0"," 8"," 23.3","999.9","  39.0"," ","  30.4"," "," 0.05","G","999.9","000000"
"01003099999","2024-10-20","77.0","15.5","12.0","HORNSUND, NO","  39.3","22","  38.8","22","1000.1","22","998.7","22","  2.6"," 4"," 10.0","22"," 23.5"," 34.4","  44.4"," ","  35.1","*"," 0.52","G","999.9","010000"
"01003099999","2024-10-21","77.0","15.5","12.0","HORNSUND, NO","  35.8"," 8","  35.6"," 8"," 993.7"," 8","992.3"," 8","  0.7"," 5","  5.1"," 8","  9.7","999.9","  38.3","*","  31.8"," "," 0.68","G","  0.8","110000"
"01003099999","2024-10-22","77.0","15.5","12.0","HORNSUND, NO","  36.8"," 8","  32.7"," 8"," 986.8"," 8","985.5"," 8","  9.9"," 4"," 17.5"," 8"," 26.0"," 40.2","  39.6","*","  31.6"," "," 0.06","G","999.9","000000"
"01003099999","2024-10-23","77.0","15.5","12.0","HORNSUND, NO","  35.9"," 9","  32.7"," 9"," 985.6"," 9","984.3"," 9","  8.8"," 5"," 15.5"," 9"," 19.4"," 36.5","  39.0"," ","  34.5"," "," 0.05","G","999.9","010000"
"01003099999","2024-10-24","77.0","15.5","12.0","HORNSUND, NO","  32.9"," 8","  32.3"," 8"," 997.0"," 8","995.6"," 8","  1.2"," 5","  6.4"," 8","  9.7"," 12.8","  36.0"," ","  32.0","*"," 0.11","G","999.9","010000"
"01003099999","2024-10-25","77.0","15.5","12.0","HORNSUND, NO","  36.9","22","  33.7","22"," 974.3","22","973.0","22","  8.4"," 4"," 13.6","22"," 28.6"," 45.5","  41.2"," ","  33.6"," "," 0.33","G","999.9","010000"
"01003099999","2024-10-26","77.0","15.5","12.0","HORNSUND, NO","  30.1"," 9","  24.0"," 9"," 995.1"," 9","993.7"," 9"," 15.2"," 5"," 12.3"," 9"," 22.3"," 34.2","  41.0"," ","  27.5","*"," 0.15","G","  0.4","001000"
"01003099999","2024-10-27","77.0","15.5","12.0","HORNSUND, NO","  35.5","23","  32.6","23"," 986.1","23","984.8","23","  5.7"," 5"," 12.9","23"," 31.1"," 49.5","  40.6"," ","  27.7"," "," 0.01","G","  1.2","010000"
"01003099999","2024-10-28","77.0","15.5","12.0","HORNSUND, NO","  34.1"," 7","  31.1"," 7"," 980.0"," 7","978.6"," 7"," 10.2"," 5","  9.4"," 7"," 13.6","999.9","  36.9"," ","  32.4"," "," 1.34","G","999.9","010000"
"01003099999","2024-10-29","77.0","15.5","12.0","HORNSUND, NO","  29.8","22","  26.3","22"," 979.2","22","977.8","22"," 16.9"," 5","  7.8","22"," 18.6"," 27.2","  32.2"," ","  28.0"," "," 0.08","G","999.9","001000"
"01003099999","2024-10-30","77.0","15.5","12.0","HORNSUND, NO","  27.0","22","  22.8","22"," 984.2","22","982.8","22","  5.0"," 5","  3.5","22","  9.7"," 16.1","  30.2"," ","  24.3"," "," 0.01","G","999.9","001000"
"01003099999","2024-10-31","77.0","15.5","12.0","HORNSUND, NO","  22.2"," 8","  10.5"," 8"," 991.6"," 8","990.2"," 8"," 31.1"," 5","  6.3"," 8"," 13.2"," 21.4","  25.3"," ","  18.7"," "," 0.04","G","  0.4","000000"
"01003099999","2024-11-01","77.0","15.5","12.0","HORNSUND, NO","  20.0"," 8","  11.7"," 8"," 993.0"," 8","991.6"," 8"," 31.1"," 5","  2.8"," 8","  5.8"," 11.5","  24.4","*","  17.2"," "," 0.00","G","  0.4","000000"
"01003099999","2024-11-02","77.0","15.5","12.0","HORNSUND, NO","  30.2"," 8","  22.1"," 8"," 989.9"," 8","988.5"," 8"," 26.1"," 5","  6.2"," 8"," 10.5"," 25.8","  33.1"," ","  24.4"," "," 0.39","G","999.9","001000"
"01003099999","2024-11-03","77.0","15.5","12.0","HORNSUND, NO","  30.9"," 8","  23.4"," 8"," 996.9"," 8","995.5"," 8"," 22.4"," 5"," 10.2"," 8"," 15.5","999.9","  32.7"," ","  28.6"," "," 0.00","G","  0.4","000000"
"01003099999","2024-11-04","77.0","15.5","12.0","HORNSUND, NO","  27.8"," 8","  20.5"," 8","1006.9"," 8","005.5"," 8"," 31.1"," 4","  8.9"," 8"," 15.5"," 20.2","  30.9"," ","  21.7"," "," 0.01","G","  0.4","000000"
"01003099999","2024-11-05","77.0","15.5","12.0","HORNSUND, NO","  29.6"," 9","  25.7"," 9"," 996.7"," 9","995.3"," 9","  2.7"," 5"," 13.3"," 9"," 19.4"," 34.6","  33.1"," ","  20.3"," "," 0.00","G","  0.4","001000"
"01003099999","2024-11-06","77.0","15.5","12.0","HORNSUND, NO","  26.5"," 8","  23.7"," 8","1003.7"," 8","002.3"," 8"," 31.1"," 5","  7.8"," 8"," 17.7"," 25.4","  31.1","*","  21.6"," "," 0.16","G","  1.6","000000"
"01003099999","2024-11-07","77.0","15.5","12.0","HORNSUND, NO","  31.0"," 8","  27.6"," 8","1000.8"," 8","999.4"," 8","  7.6"," 5"," 10.2"," 8"," 15.0"," 22.5","  33.8"," ","  21.2"," "," 0.00","G","  1.6","110000"
"01003099999","2024-11-08","77.0","15.5","12.0","HORNSUND, NO","  35.7"," 7","  29.9"," 7"," 986.9"," 7","985.6"," 7","  7.9"," 4"," 17.0"," 7"," 21.4"," 29.3","  37.4"," ","  31.6"," "," 0.11","G","  1.2","010000"
"01003099999","2024-11-09","77.0","15.5","12.0","HORNSUND, NO","  30.5"," 8","  25.4"," 8","1009.0"," 8","007.6"," 8","  5.7"," 5"," 12.5"," 8"," 18.3"," 23.9","  35.4"," ","  27.1"," "," 0.11","G","999.9","001000"
"01003099999","2024-11-10","77.0","15.5","12.0","HORNSUND, NO","  29.0"," 8","  25.4"," 8","1013.1"," 8","011.7"," 8"," 10.2"," 5","  4.9"," 8","  7.8","999.9","  30.6"," ","  26.2"," "," 0.00","G","  1.6","010000"
"01003099999","2024-11-11","77.0","15.5","12.0","HORNSUND, NO","  32.1"," 7","  31.6"," 7","1010.8"," 7","009.4"," 7","  3.7"," 5","  6.5"," 7","  9.7","999.9","  33.6"," ","  30.7"," "," 1.57","G","999.9","110000"
"01003099999","2024-11-12","77.0","15.5","12.0","HORNSUND, NO","  35.7"," 7","  34.3"," 7"," 997.0"," 7","995.6"," 7","  7.2"," 5","  8.3"," 7"," 21.6"," 30.1","  38.7"," ","  33.8"," "," 0.11","G","  1.2","110000"
"01003099999","2024-11-13","77.0","15.5","12.0","HORNSUND, NO","  34.9"," 8","  31.3"," 8"," 963.7"," 8","962.4"," 8","  6.5"," 5"," 13.7"," 8"," 20.0"," 30.3","  38.1"," ","  32.4"," "," 0.66","G","999.9","011000"
"01003099999","2024-11-14","77.0","15.5","12.0","HORNSUND, NO","  35.6","21","  27.1","21"," 975.3","21","974.0","21"," 13.5"," 5"," 12.1","21"," 22.7"," 35.2","  38.1"," ","  32.2"," "," 0.16","G","999.9","101000"
"01003099999","2024-11-15","77.0","15.5","12.0","HORNSUND, NO","  29.3","19","  18.8","19"," 996.1","19","994.7","19","999.9"," 0"," 26.0","19"," 33.0"," 57.5","  33.4"," ","  25.2"," "," 0.00","G","999.9","001000"
"01003099999","2024-11-16","77.0","15.5","12.0","HORNSUND, NO","  23.3","21","  14.2","21","1003.7","21","002.3","21","  5.6"," 5"," 15.0","21"," 18.5"," 44.1","  26.4"," ","  20.3"," "," 0.02","G","999.9","001000"
"01003099999","2024-11-17","77.0","15.5","12.0","HORNSUND, NO","  21.6"," 6","  10.8"," 6","1009.3"," 6","007.9"," 6","  6.4"," 4"," 14.9"," 6"," 17.5"," 40.0","  22.5"," ","  19.9"," "," 0.02","G","999.9","001000"
"01003099999","2024-11-22","77.0","15.5","12.0","HORNSUND, NO","  21.0","13","  14.9","13","1011.8","13","010.4","13"," 31.1"," 5","  4.9","13","  9.7","999.9","  24.1"," ","  17.8"," "," 0.00","G","  0.4","001000"
"01003099999","2024-11-23","77.0","15.5","12.0","HORNSUND, NO","  24.7"," 8","  14.9"," 8"," 995.4"," 8","994.0"," 8","  9.1"," 5"," 15.8"," 8"," 19.4","999.9","  26.2"," ","  22.5"," "," 0.00","G","999.9","001000"
"01003099999","2024-11-24","77.0","15.5","12.0","HORNSUND, NO","  23.9"," 8","  11.5"," 8"," 991.0"," 8","989.6"," 8"," 20.8"," 5","  6.6"," 8"," 11.7","999.9","  25.9"," ","  21.6"," "," 0.00","G","999.9","000000"
"01003099999","2024-11-25","77.0","15.5","12.0","HORNSUND, NO","  21.0"," 7","  15.6"," 7"," 986.2"," 7","984.8"," 7","  0.6"," 4"," 22.3"," 7"," 28.6"," 55.6","  23.9"," ","  18.5"," "," 0.03","A","999.9","001000"
"01003099999","2024-11-26","77.0","15.5","12.0","HORNSUND, NO","  20.4"," 8","  17.2"," 8"," 983.9"," 8","982.5"," 8","  0.1"," 5"," 27.3"," 8"," 29.1"," 49.5","  21.7"," ","  18.9"," "," 0.10","G","  0.4","001000"
"01003099999","2024-11-27","77.0","15.5","12.0","HORNSUND, NO","  14.3"," 8","   5.6"," 8"," 999.3"," 8","997.9"," 8"," 13.5"," 5","  8.0"," 8"," 13.6"," 17.5","  19.0"," ","   9.0"," "," 0.41","G"," 11.8","001000"
"01003099999","2024-11-28","77.0","15.5","12.0","HORNSUND, NO","  14.3"," 7","   8.0"," 7","1007.0"," 7","005.6"," 7","  8.1"," 5"," 21.6"," 7"," 38.5"," 67.6","  16.0","*","   9.3"," "," 0.00","G"," 11.0","001000"
"01003099999","2024-11-29","77.0","15.5","12.0","HORNSUND, NO","  16.1"," 8","   4.1"," 8"," 991.8"," 8","990.4"," 8","  9.2"," 5"," 10.3"," 8"," 25.3"," 44.1","  19.2"," ","  11.8"," "," 0.04","G","999.9","001000"
"01003099999","2024-11-30","77.0","15.5","12.0","HORNSUND, NO","  11.9","21","   1.7","21"," 998.2","21","996.8","21"," 23.0"," 5","  3.2","19","  8.4"," 12.2","  15.6"," ","   7.3"," "," 0.00","G","999.9","001000"
"01003099999","2024-12-02","77.0","15.5","12.0","HORNSUND, NO","  13.0"," 6","  -0.2"," 6","1001.4"," 6","000.0"," 6"," 25.6"," 4"," 10.7"," 6"," 14.6"," 24.1","  14.9"," ","   7.7"," "," 0.00","G","999.9","000000"
"01003099999","2024-12-03","77.0","15.5","12.0","HORNSUND, NO","  10.8"," 5","   0.2"," 5","1008.3"," 5","006.8"," 5","999.9"," 0","  4.0"," 5","  7.8"," 14.2","  13.6","*","   8.2"," "," 0.00","A","999.9","000000"
"01003099999","2024-12-04","77.0","15.5","12.0","HORNSUND, NO","  16.0"," 6","   9.9"," 6","1007.6"," 6","006.2"," 6"," 13.3"," 6","  8.3"," 6"," 15.5","999.9","  21.7"," ","   8.2","*"," 0.00","G","999.9","001000"
"01003099999","2024-12-05","77.0","15.5","12.0","HORNSUND, NO","  22.4"," 5","  15.4"," 5","1006.7"," 5","005.3"," 5","  5.0"," 4"," 24.6"," 5"," 29.1"," 53.6","  26.6"," ","  19.8"," "," 0.13","G","  2.4","001000"
"01003099999","2024-12-06","77.0","15.5","12.0","HORNSUND, NO","  30.1"," 6","  23.9"," 6","1004.9"," 6","003.5"," 6","  8.4"," 6"," 21.2"," 6"," 24.3"," 38.1","  32.4","*","  27.5"," "," 0.00","G","999.9","000000"
"01003099999","2024-12-07","77.0","15.5","12.0","HORNSUND, NO","  32.1","22","  26.2","22","1000.2","22","998.8","22","  8.2"," 8"," 18.2","22"," 26.6"," 46.4","  34.0"," ","  30.4"," "," 0.00","I","999.9","000000"
"01003099999","2024-12-08","77.0","15.5","12.0","HORNSUND, NO","  27.9"," 9","  22.5"," 9","1006.3"," 9","004.9"," 9","  7.7"," 7"," 10.0"," 9"," 15.5"," 23.9","  31.1","*","  26.1"," "," 0.04","G","999.9","001000"
"01003099999","2024-12-09","77.0","15.5","12.0","HORNSUND, NO","  25.6"," 8","  23.7"," 8"," 998.1"," 8","996.7"," 8","  5.1"," 6","  8.2"," 8"," 17.5","999.9","  30.4"," ","  21.7","*"," 0.00","G","999.9","001000"
"01003099999","2024-12-10","77.0","15.5","12.0","HORNSUND, NO","  22.9","20","  14.3","20","1002.9","20","001.5","20","  9.2"," 8","  8.5","19"," 14.4"," 22.1","  27.1"," ","  20.3"," "," 0.01","G","  4.3","001000"
"01003099999","2024-12-11","77.0","15.5","12.0","HORNSUND, NO","  13.8"," 9","   2.8"," 9","1016.8"," 9","015.4"," 9"," 16.0"," 7","  6.4"," 9"," 21.8"," 30.7","  19.9","*","   7.9"," "," 0.00","G","999.9","001000"
"01003099999","2024-12-12","77.0","15.5","12.0","HORNSUND, NO","  11.7","22","   1.5","22","1027.9","22","026.4","22"," 28.4"," 7","  5.1","22","  7.6"," 11.7","  16.0"," ","   7.9"," "," 0.00","I","999.9","000000"
"01003099999","2024-12-13","77.0","15.5","12.0","HORNSUND, NO","  12.1"," 9","   5.7"," 9","1022.3"," 9","020.8"," 9"," 24.6"," 8","  7.3"," 9","  9.9"," 12.0","  17.2","*","   6.8"," "," 0.00","G","  2.0","001000"
"01003099999","2024-12-14","77.0","15.5","12.0","HORNSUND, NO","  22.1"," 8","  15.6"," 8","1007.1"," 8","005.7"," 8"," 11.1"," 8","  7.6"," 8","  9.7"," 19.0","  25.7","*","  17.4"," "," 0.07","G","  4.7","001000"
"01003099999","2024-12-15","77.0","15.5","12.0","HORNSUND, NO","  25.7"," 9","  19.2"," 9"," 996.7"," 9","995.3"," 9"," 11.1"," 8"," 17.1"," 9"," 25.1"," 41.2","  26.6"," ","  24.4","*"," 0.02","G","  4.3","001000"
"01003099999","2024-12-16","77.0","15.5","12.0","HORNSUND, NO","  20.9","22","  11.2","22"," 999.4","22","998.0","22","  4.3"," 6"," 16.4","22"," 26.2"," 42.0","  25.7"," ","  18.9"," "," 1.57","G","999.9","001000"
"01003099999","2024-12-17","77.0","15.5","12.0","HORNSUND, NO","  18.4","20","  11.2","20","1003.9","20","002.5","20"," 10.5"," 7","  7.0","20"," 17.3"," 31.7","  21.9"," ","  10.8"," "," 0.00","G","999.9","001000"
"01003099999","2024-12-18","77.0","15.5","12.0","HORNSUND, NO","  17.7"," 5","   8.0"," 5","1002.0"," 5","000.5"," 5"," 27.3"," 5","  5.6"," 5","  7.8"," 22.1","  23.0"," ","   9.3"," "," 0.02","G","  1.2","000000"
"01003099999","2024-12-19","77.0","15.5","12.0","HORNSUND, NO","  13.9"," 8","   7.0"," 8"," 998.9"," 8","997.5"," 8"," 24.9"," 8","  5.0"," 8","  9.7","999.9","  20.3"," ","  10.2"," "," 1.18","G","999.9","000000"
"01003099999","2024-12-20","77.0","15.5","12.0","HORNSUND, NO","  15.9"," 9","   9.8"," 9","1003.3"," 9","001.9"," 9"," 19.7"," 7","  8.6"," 8"," 11.7"," 13.4","  21.2"," ","  10.8"," "," 0.00","G","999.9","001000"
"01003099999","2024-12-21","77.0","15.5","12.0","HORNSUND, NO","  18.0"," 8","  12.7"," 8","1005.8"," 8","004.4"," 8"," 22.1"," 8","  7.4"," 8","  9.7"," 10.1","  23.0"," ","  12.9"," "," 1.18","G","999.9","000000"
"01003099999","2024-12-22","77.0","15.5","12.0","HORNSUND, NO","  19.3"," 8","  14.1"," 8","1013.2"," 8","011.8"," 8"," 18.3"," 8"," 10.0"," 8"," 13.6","999.9","  23.2"," ","  14.0"," "," 0.00","G","  1.2","000000"
"01003099999","2024-12-23","77.0","15.5","12.0","HORNSUND, NO","  20.6"," 8","  14.8"," 8","1018.7"," 8","017.3"," 8"," 11.3"," 7"," 11.7"," 8"," 16.1"," 23.5","  23.7"," ","  12.7"," "," 0.00","H","999.9","001000"
"01003099999","2024-12-24","77.0","15.5","12.0","HORNSUND, NO","  28.2"," 8","  22.9"," 8","1006.9"," 8","005.5"," 8","  3.6"," 8"," 19.1"," 8"," 29.1"," 36.7","  30.7"," ","  24.6"," "," 0.00","G","  1.6","001000"
"01003099999","2024-12-25","77.0","15.5","12.0","HORNSUND, NO","  31.4"," 8","  27.0"," 8"," 987.4"," 8","986.0"," 8","  2.0"," 8"," 20.3"," 8"," 25.3"," 33.8","  33.3"," ","  30.0"," "," 0.04","G","999.9","001000"
"01003099999","2024-12-26","77.0","15.5","12.0","HORNSUND, NO","  30.0"," 8","  26.8"," 8"," 981.6"," 8","980.2"," 8","  3.9"," 8"," 12.8"," 8"," 19.4","999.9","  33.6"," ","  25.7"," "," 0.01","G","  2.4","001000"
"01003099999","2024-12-27","77.0","15.5","12.0","HORNSUND, NO","  24.1"," 7","  19.3"," 7"," 989.1"," 7","987.7"," 7"," 17.6"," 7","  3.4"," 7","  5.8","999.9","  28.8"," ","  19.2"," "," 0.12","G","  6.7","000000"
"01003099999","2024-12-28","77.0","15.5","12.0","HORNSUND, NO","  21.6"," 8","  13.6"," 8"," 996.1"," 8","994.7"," 8","  8.8"," 8"," 18.2"," 8"," 25.3"," 30.1","  25.5"," ","  17.8"," ","99.99"," ","999.9","001000"
"01003099999","2024-12-29","77.0","15.5","12.0","HORNSUND, NO","  14.2"," 8","   6.1"," 8"," 989.4"," 8","988.0"," 8","  2.9"," 6"," 25.3"," 8"," 33.0"," 34.8","  19.2"," ","  11.8","*"," 0.01","G","  2.0","001000"
"01003099999","2024-12-30","77.0","15.5","12.0","HORNSUND, NO","  13.6"," 7","   0.8"," 7"," 994.2"," 7","992.8"," 7"," 16.0"," 7"," 15.1"," 7"," 23.3"," 30.5","  16.0"," ","  10.9"," "," 0.00","G","999.9","000000"
"01003099999","2024-12-31","77.0","15.5","12.0","HORNSUND, NO","  12.1"," 8","   1.1"," 8","1000.3"," 8","998.9"," 8"," 16.7"," 8","  8.8"," 8"," 13.6"," 20.4","  16.2"," ","   9.7","*"," 0.00","G","  0.8","000000"
